USE libdb;

--Roles
insert into roles (role_id, role) values (1, 'admin');
insert into roles (role_id, role) values (2, 'operator');
insert into roles (role_id, role) values (3, 'teacher');
insert into roles (role_id, role) values (4, 'student');

--Users
insert into users (user_id, first_name, date_of_birth, last_name, username, password, role_id) values (1, 'Dorolice','1995-4-22', 'Giamuzzo', 'dgiamuzzo0', '0000', 1);
insert into users (user_id, first_name, date_of_birth, last_name, username, password, role_id) values (2, 'Russ','1980-8-25', 'Dubarry', 'rdubarry1', '0000', 2);
insert into users (user_id, first_name, date_of_birth, last_name, username, password, role_id) values (3, 'Nickola','1980-2-22', 'Turfitt', 'nturfitt2', '0000', 2);
insert into users (user_id, first_name, date_of_birth, last_name, username, password, role_id) values (4, 'Stacee','1981-3-20', 'Gionettitti', 'sgionettitti3', '0000', 2);
insert into users (user_id, first_name, date_of_birth, last_name, username, password, role_id) values (5, 'Vidovic','1978-8-14', 'Varndall', 'vvarndall4', '0000', 3);
insert into users (user_id, first_name, date_of_birth, last_name, username, password, role_id) values (6, 'Helyn','1962-4-16', 'Sidaway', 'hsidaway5', '0000', 3);
insert into users (user_id, first_name, date_of_birth, last_name, username, password, role_id) values (7, 'Marian','1972-7-6', 'Trahearn', 'mtrahearn6', '0000', 3);
insert into users (user_id, first_name, date_of_birth, last_name, username, password, role_id) values (8, 'Esta','1975-12-17', 'Choat', 'echoat7', '0000', 3);
insert into users (user_id, first_name, date_of_birth, last_name, username, password, role_id) values (9, 'Fanchette','1957-1-11', 'Palleske', 'fpalleske8', '0000', 3);
insert into users (user_id, first_name, date_of_birth, last_name, username, password, role_id) values (10, 'Jayme','1991-2-2', 'Exeter', 'jexeter9', '0000', 3);
insert into users (user_id, first_name, date_of_birth, last_name, username, password, role_id) values (11, 'Andi','1994-6-5', 'Brightie', 'abrightiea', '0000', 3);
insert into users (user_id, first_name, date_of_birth, last_name, username, password, role_id) values (12, 'Bobine','1957-9-7', 'Maith', 'bmaithb', '0000', 3);
insert into users (user_id, first_name, date_of_birth, last_name, username, password, role_id) values (13, 'Darryl','1961-8-26', 'Dudman', 'ddudmanc', '0000', 3);
insert into users (user_id, first_name, date_of_birth, last_name, username, password, role_id) values (14, 'Briggs','1954-7-29', 'Micklewicz', 'bmicklewiczd', '0000', 3);
insert into users (user_id, first_name, date_of_birth, last_name, username, password, role_id) values (15, 'Clarke','2017-4-13', 'Toke', 'ctokee', '0000', 4);
insert into users (user_id, first_name, date_of_birth, last_name, username, password, role_id) values (16, 'Cookie','2007-8-20', 'Caulfield', 'ccaulfieldf', '0000', 4);
insert into users (user_id, first_name, date_of_birth, last_name, username, password, role_id) values (17, 'Cathie','2013-5-15', 'Lesly', 'cleslyg', '0000', 4);
insert into users (user_id, first_name, date_of_birth, last_name, username, password, role_id) values (18, 'Hillel','2005-11-22', 'Maffi', 'hmaffih', '0000', 4);
insert into users (user_id, first_name, date_of_birth, last_name, username, password, role_id) values (19, 'Vinita','2017-5-16', 'Claris', 'vclarisi', '0000', 4);
insert into users (user_id, first_name, date_of_birth, last_name, username, password, role_id) values (20, 'Leanna','2006-11-8', 'Ardley', 'lardleyj', '0000', 4);
insert into users (user_id, first_name, date_of_birth, last_name, username, password, role_id) values (21, 'Sonja','2017-12-27', 'Lymer', 'slymerk', '0000', 4);
insert into users (user_id, first_name, date_of_birth, last_name, username, password, role_id) values (22, 'Karlotta','2009-2-7', 'Ailsbury', 'kailsburyl', '0000', 4);
insert into users (user_id, first_name, date_of_birth, last_name, username, password, role_id) values (23, 'Robyn','2016-1-27', 'Stather', 'rstatherm', '0000', 4);
insert into users (user_id, first_name, date_of_birth, last_name, username, password, role_id) values (24, 'Appolonia','2008-1-12', 'Ashtonhurst', 'aashtonhurstn', '0000', 4);
insert into users (user_id, first_name, date_of_birth, last_name, username, password, role_id) values (25, 'Cecilla','2007-6-26', 'Fruen', 'cfrueno', '0000', 4);
insert into users (user_id, first_name, date_of_birth, last_name, username, password, role_id) values (26, 'Sanford','2005-6-3', 'Aust', 'saustp', '0000', 4);
insert into users (user_id, first_name, date_of_birth, last_name, username, password, role_id) values (27, 'Clarice','2007-9-8', 'Isacoff', 'cisacoffq', '0000', 4);
insert into users (user_id, first_name, date_of_birth, last_name, username, password, role_id) values (28, 'Jethro','2010-2-10', 'Tallent', 'jtallentr', '0000', 4);
insert into users (user_id, first_name, date_of_birth, last_name, username, password, role_id) values (29, 'Huberto','2010-3-10', 'Woodvine', 'hwoodvines', '0000', 4);
insert into users (user_id, first_name, date_of_birth, last_name, username, password, role_id) values (30, 'Windy','2008-11-19', 'Gillespey', 'wgillespeyt', '0000', 4);
insert into users (user_id, first_name, date_of_birth, last_name, username, password, role_id) values (31, 'Rebecca','2014-7-2', 'L''Archer', 'rlarcheru', '0000', 4);
insert into users (user_id, first_name, date_of_birth, last_name, username, password, role_id) values (32, 'Johna','2015-7-2', 'Elsegood', 'jelsegoodv', '0000', 4);
insert into users (user_id, first_name, date_of_birth, last_name, username, password, role_id) values (33, 'Dwayne','2012-3-25', 'Notman', 'dnotmanw', '0000', 4);
insert into users (user_id, first_name, date_of_birth, last_name, username, password, role_id) values (34, 'Israel','2013-4-14', 'Scothorn', 'iscothornx', '0000', 4);
insert into users (user_id, first_name, date_of_birth, last_name, username, password, role_id) values (35, 'Marten','2006-11-11', 'Sanbrook', 'msanbrooky', '0000', 4);
insert into users (user_id, first_name, date_of_birth, last_name, username, password, role_id) values (36, 'Daveta','2005-3-19', 'Woodroof', 'dwoodroofz', '0000', 4);
insert into users (user_id, first_name, date_of_birth, last_name, username, password, role_id) values (37, 'Justino','2006-7-14', 'Shelf', 'jshelf10', '0000', 4);
insert into users (user_id, first_name, date_of_birth, last_name, username, password, role_id) values (38, 'Viviene','2006-8-12', 'Boman', 'vboman11', '0000', 4);
insert into users (user_id, first_name, date_of_birth, last_name, username, password, role_id) values (39, 'Rancell','2016-11-17', 'Clitheroe', 'rclitheroe12', '0000', 4);
insert into users (user_id, first_name, date_of_birth, last_name, username, password, role_id) values (40, 'Corene','2010-6-14', 'Emmanuel', 'cemmanuel13', '0000', 4);
insert into users (user_id, first_name, date_of_birth, last_name, username, password, role_id) values (41, 'Ramonda','2014-3-5', 'Ahrend', 'rahrend14', '0000', 4);
insert into users (user_id, first_name, date_of_birth, last_name, username, password, role_id) values (42, 'Geraldine','2017-7-10', 'Treleven', 'gtreleven15', '0000', 4);
insert into users (user_id, first_name, date_of_birth, last_name, username, password, role_id) values (43, 'Sigismund','2016-4-18', 'Grigolon', 'sgrigolon16', '0000', 4);
insert into users (user_id, first_name, date_of_birth, last_name, username, password, role_id) values (44, 'Sullivan','2016-3-11', 'Vercruysse', 'svercruysse17', '0000', 4);

--Schools
insert into schools (school_id, name, address, city, telephone, email, director, operator_id) values (1, '1o LYKEIO ZOGRAFOU', 'HROWN POLYTEXNEIOY 9', 'ATHENS', 2107776543, 'zogr1@sch.gr', 'Zografos Ilias', 2);
insert into schools (school_id, name, address, city, telephone, email, director, operator_id) values (2, '2o GYMNASIO TRIKALON', 'PLATEIAS 10', 'TRIKALA',  2431076543, 'trik2@sch.gr', 'Trikalinos Tasos', 3);
insert into schools (school_id, name, address, city, telephone, email, director, operator_id) values (3, '3o DIMOTIKO XANION', 'LEOFOROU 11', 'XANIA',  2821076543, 'xan3@sch.gr', 'Xaniotis Xristos', 4);

--School_Users
insert into school_users (user_id,school_id) values (2,1);
insert into school_users (user_id,school_id) values (3,2);
insert into school_users (user_id,school_id) values (4,3);
insert into school_users (user_id,school_id) values (5,3);
insert into school_users (user_id,school_id) values (6,3);
insert into school_users (user_id,school_id) values (7,2);
insert into school_users (user_id,school_id) values (8,3);
insert into school_users (user_id,school_id) values (9,2);
insert into school_users (user_id,school_id) values (10,3);
insert into school_users (user_id,school_id) values (11,3);
insert into school_users (user_id,school_id) values (12,1);
insert into school_users (user_id,school_id) values (13,3);
insert into school_users (user_id,school_id) values (14,1);
insert into school_users (user_id,school_id) values (15,2);
insert into school_users (user_id,school_id) values (16,1);
insert into school_users (user_id,school_id) values (17,2);
insert into school_users (user_id,school_id) values (18,2);
insert into school_users (user_id,school_id) values (19,1);
insert into school_users (user_id,school_id) values (20,2);
insert into school_users (user_id,school_id) values (21,3);
insert into school_users (user_id,school_id) values (22,2);
insert into school_users (user_id,school_id) values (23,3);
insert into school_users (user_id,school_id) values (24,3);
insert into school_users (user_id,school_id) values (25,2);
insert into school_users (user_id,school_id) values (26,1);
insert into school_users (user_id,school_id) values (27,3);
insert into school_users (user_id,school_id) values (28,1);
insert into school_users (user_id,school_id) values (29,3);
insert into school_users (user_id,school_id) values (30,2);
insert into school_users (user_id,school_id) values (31,2);
insert into school_users (user_id,school_id) values (32,2);
insert into school_users (user_id,school_id) values (33,3);
insert into school_users (user_id,school_id) values (34,2);
insert into school_users (user_id,school_id) values (35,2);
insert into school_users (user_id,school_id) values (36,1);
insert into school_users (user_id,school_id) values (37,1);
insert into school_users (user_id,school_id) values (38,3);
insert into school_users (user_id,school_id) values (39,2);
insert into school_users (user_id,school_id) values (40,1);
insert into school_users (user_id,school_id) values (41,3);
insert into school_users (user_id,school_id) values (42,2);
insert into school_users (user_id,school_id) values (43,2);
insert into school_users (user_id,school_id) values (44,1);

--Books
insert into books (book_id, title, publisher, isbn, pages, summary, total_copies, picture, language) values (1, '1984', 'Hachette Livre', '574-0009702775', 310, 'A gripping tale of love and betrayal set in 19th century England.', 2, 'http://dummyimage.com/179x100.png/dddddd/000000', 'English');
insert into books (book_id, title, publisher, isbn, pages, summary, total_copies, picture, language) values (2, 'Animal Farm', 'Penguin Random House', '799-6877118101', 505, 'A heartwarming story of a boy and his dog overcoming adversity.', 1, 'http://dummyimage.com/155x100.png/ff4444/ffffff', 'English');
insert into books (book_id, title, publisher, isbn, pages, summary, total_copies, picture, language) values (3, 'Pride and Prejudice', 'Bloomsbury Publishing', '882-6399994960', 358, 'A heartwarming story of a boy and his dog overcoming adversity.', 1, 'http://dummyimage.com/185x100.png/dddddd/000000', 'Greek');
insert into books (book_id, title, publisher, isbn, pages, summary, total_copies, picture, language) values (4, 'The Hobbit', 'Penguin Random House', '285-1695955929', 549, 'A poignant memoir of a woman''s journey through grief and healing.', 2, 'http://dummyimage.com/210x100.png/ff4444/ffffff', 'Greek');
insert into books (book_id, title, publisher, isbn, pages, summary, total_copies, picture, language) values (5, 'Anna Karenina', 'HarperCollins', '479-8166255953', 862, 'A poignant memoir of a woman''s journey through grief and healing.', 2, 'http://dummyimage.com/213x100.png/cc0000/ffffff', 'Greek');
insert into books (book_id, title, publisher, isbn, pages, summary, total_copies, picture, language) values (6, 'The Catcher in the Rye', 'Simon & Schuster', '682-4112295724', 174, 'A gripping tale of love and betrayal set in 19th century England.', 3, 'http://dummyimage.com/169x100.png/5fa2dd/ffffff', 'Greek');
insert into books (book_id, title, publisher, isbn, pages, summary, total_copies, picture, language) values (7, 'The Grapes of Wrath', 'Macmillan Publishers', '445-6090411705', 954, 'A gripping tale of love and betrayal set in 19th century England.', 2, 'http://dummyimage.com/110x100.png/dddddd/000000', 'Greek');
insert into books (book_id, title, publisher, isbn, pages, summary, total_copies, picture, language) values (8, 'The Great Gatsby', 'Macmillan Publishers', '987-3187379662', 797, 'A poignant memoir of a woman''s journey through grief and healing.', 3, 'http://dummyimage.com/147x100.png/ff4444/ffffff', 'Greek');
insert into books (book_id, title, publisher, isbn, pages, summary, total_copies, picture, language) values (9, 'Gone with the Wind', 'HarperCollins', '095-0660345865', 351, 'A heartwarming story of a boy and his dog overcoming adversity.', 1, 'http://dummyimage.com/238x100.png/dddddd/000000', 'Greek');
insert into books (book_id, title, publisher, isbn, pages, summary, total_copies, picture, language) values (10, 'One Hunded Years of Solitude', 'Penguin Random House', '914-9718177232', 527, 'A gripping tale of love and betrayal set in 19th century England.', 1, 'http://dummyimage.com/101x100.png/5fa2dd/ffffff', 'Greek');
insert into books (book_id, title, publisher, isbn, pages, summary, total_copies, picture, language) values (11, 'Crime and Punishment', 'Simon & Schuster', '891-4594655634', 706, 'A gripping tale of love and betrayal set in 19th century England.', 2, 'http://dummyimage.com/135x100.png/dddddd/000000', 'Greek');
insert into books (book_id, title, publisher, isbn, pages, summary, total_copies, picture, language) values (12, 'The Call of the Wild', 'Bloomsbury Publishing', '973-4677077782', 809, 'A thrilling mystery that will keep you on the edge of your seat until the very end.', 5, 'http://dummyimage.com/101x100.png/dddddd/000000', 'Greek');
insert into books (book_id, title, publisher, isbn, pages, summary, total_copies, picture, language) values (13, 'Moby-Dick', 'Simon & Schuster', '960-7904333543', 490, 'A gripping tale of love and betrayal set in 19th century England.', 2, 'http://dummyimage.com/211x100.png/5fa2dd/ffffff', 'Greek');
insert into books (book_id, title, publisher, isbn, pages, summary, total_copies, picture, language) values (14, 'The Master and Margarita', 'Macmillan Publishers', '765-0260798871', 349, 'A heartwarming story of a boy and his dog overcoming adversity.', 3, 'http://dummyimage.com/136x100.png/cc0000/ffffff', 'Greek');
insert into books (book_id, title, publisher, isbn, pages, summary, total_copies, picture, language) values (15, 'The Adventures of Hackleberry Finn', 'Bloomsbury Publishing', '677-5875015700', 233, 'A thrilling mystery that will keep you on the edge of your seat until the very end.', 2, 'http://dummyimage.com/105x100.png/5fa2dd/ffffff', 'Greek');
insert into books (book_id, title, publisher, isbn, pages, summary, total_copies, picture, language) values (16, 'Frankenstein', 'Bloomsbury Publishing', '296-1065289301', 232, 'A thrilling mystery that will keep you on the edge of your seat until the very end.', 2, 'http://dummyimage.com/178x100.png/ff4444/ffffff', 'Greek');
insert into books (book_id, title, publisher, isbn, pages, summary, total_copies, picture, language) values (17, 'Algebra', 'Simon & Schuster', '631-5415965511', 333, 'A thrilling mystery that will keep you on the edge of your seat until the very end.', 1, 'http://dummyimage.com/176x100.png/ff4444/ffffff', 'Greek');
insert into books (book_id, title, publisher, isbn, pages, summary, total_copies, picture, language) values (18, 'Great Expectations', 'Penguin Random House', '941-6898713674', 557, 'A poignant memoir of a woman''s journey through grief and healing.', 2, 'http://dummyimage.com/213x100.png/5fa2dd/ffffff', 'Greek');
insert into books (book_id, title, publisher, isbn, pages, summary, total_copies, picture, language) values (19, 'The Age of Innocence', 'Bloomsbury Publishing', '999-0032981248', 796, 'A gripping tale of love and betrayal set in 19th century England.', 2, 'http://dummyimage.com/156x100.png/cc0000/ffffff', 'Greek');
insert into books (book_id, title, publisher, isbn, pages, summary, total_copies, picture, language) values (20, 'Things Fall Apart', 'Macmillan Publishers', '160-9096129671', 555, 'A heartwarming story of a boy and his dog overcoming adversity.', 1, 'http://dummyimage.com/144x100.png/5fa2dd/ffffff', 'Greek');
insert into books (book_id, title, publisher, isbn, pages, summary, total_copies, picture, language) values (21, 'The Iliad', 'Hachette Livre', '264-4906377740', 840, 'A heartwarming story of a boy and his dog overcoming adversity.', 4, 'http://dummyimage.com/180x100.png/dddddd/000000', 'Greek');
insert into books (book_id, title, publisher, isbn, pages, summary, total_copies, picture, language) values (22, 'Brave New World', 'Hachette Livre', '157-7748350828', 922, 'A thrilling mystery that will keep you on the edge of your seat until the very end.', 1, 'http://dummyimage.com/243x100.png/dddddd/000000', 'Greek');
insert into books (book_id, title, publisher, isbn, pages, summary, total_copies, picture, language) values (23, 'The Odyssey', 'Macmillan Publishers', '804-0827987843', 112, 'A heartwarming story of a boy and his dog overcoming adversity.', 2, 'http://dummyimage.com/170x100.png/5fa2dd/ffffff', 'Greek');
insert into books (book_id, title, publisher, isbn, pages, summary, total_copies, picture, language) values (24, 'Vanity Fair', 'Simon & Schuster', '180-8559165954', 538, 'A gripping tale of love and betrayal set in 19th century England.', 1, 'http://dummyimage.com/185x100.png/cc0000/ffffff', 'Greek');
insert into books (book_id, title, publisher, isbn, pages, summary, total_copies, picture, language) values (25, 'To Kill a Mockingbird', 'Bloomsbury Publishing', '763-9214856126', 494, 'A gripping tale of love and betrayal set in 19th century England.', 1, 'http://dummyimage.com/247x100.png/cc0000/ffffff', 'Greek');
insert into books (book_id, title, publisher, isbn, pages, summary, total_copies, picture, language) values (26, 'Alice Adventures in Wonderland', 'HarperCollins', '228-4711984320', 959, 'A poignant memoir of a woman''s journey through grief and healing.', 2, 'http://dummyimage.com/194x100.png/5fa2dd/ffffff', 'English');
insert into books (book_id, title, publisher, isbn, pages, summary, total_copies, picture, language) values (27, 'Les Miserables', 'Macmillan Publishers', '026-8286430497', 982, 'A poignant memoir of a woman''s journey through grief and healing.', 1, 'http://dummyimage.com/104x100.png/dddddd/000000', 'French');
insert into books (book_id, title, publisher, isbn, pages, summary, total_copies, picture, language) values (28, 'Charlie and the Chocolate Factory', 'Penguin Random House', '899-0776395572', 162, 'A heartwarming story of a boy and his dog overcoming adversity.', 2, 'http://dummyimage.com/195x100.png/5fa2dd/ffffff', 'English');
insert into books (book_id, title, publisher, isbn, pages, summary, total_copies, picture, language) values (29, 'The Outsiders', 'Hachette Livre', '382-5984610708', 278, 'A thrilling mystery that will keep you on the edge of your seat until the very end.', 1, 'http://dummyimage.com/210x100.png/5fa2dd/ffffff', 'Greek');
insert into books (book_id, title, publisher, isbn, pages, summary, total_copies, picture, language) values (30, 'The Count of Monte Cristo', 'Hachette Livre', '589-0090401805', 121, 'A poignant memoir of a woman''s journey through grief and healing.', 1, 'http://dummyimage.com/140x100.png/5fa2dd/ffffff', 'Greek');
insert into books (book_id, title, publisher, isbn, pages, summary, total_copies, picture, language) values (31, 'The Brothers Karamazov', 'Simon & Schuster', '067-6990540248', 786, 'A thrilling mystery that will keep you on the edge of your seat until the very end.', 3, 'http://dummyimage.com/179x100.png/dddddd/000000', 'Russian');
insert into books (book_id, title, publisher, isbn, pages, summary, total_copies, picture, language) values (32, 'A Tale of Two Cities', 'Hachette Livre', '243-0000617392', 434, 'A thrilling mystery that will keep you on the edge of your seat until the very end.', 1, 'http://dummyimage.com/133x100.png/ff4444/ffffff', 'English');
insert into books (book_id, title, publisher, isbn, pages, summary, total_copies, picture, language) values (33, 'The Time Machine', 'Macmillan Publishers', '442-7739939145', 368, 'A heartwarming story of a boy and his dog overcoming adversity.', 1, 'http://dummyimage.com/199x100.png/cc0000/ffffff', 'English');
insert into books (book_id, title, publisher, isbn, pages, summary, total_copies, picture, language) values (34, 'The Art of War', 'HarperCollins', '747-9055847097', 350, 'A thrilling mystery that will keep you on the edge of your seat until the very end.', 4, 'http://dummyimage.com/196x100.png/dddddd/000000', 'Greek');
insert into books (book_id, title, publisher, isbn, pages, summary, total_copies, picture, language) values (35, 'Wuthering Heights', 'Bloomsbury Publishing', '667-2099771981', 906, 'A thrilling mystery that will keep you on the edge of your seat until the very end.', 4, 'http://dummyimage.com/142x100.png/cc0000/ffffff', 'English');
insert into books (book_id, title, publisher, isbn, pages, summary, total_copies, picture, language) values (36, 'War and Piece', 'Bloomsbury Publishing', '653-9178492208', 81, 'A gripping tale of love and betrayal set in 19th century England.', 2, 'http://dummyimage.com/183x100.png/dddddd/000000', 'Russian');
insert into books (book_id, title, publisher, isbn, pages, summary, total_copies, picture, language) values (37, 'A Christmas Carol', 'Hachette Livre', '373-0541859128', 688, 'A heartwarming story of a boy and his dog overcoming adversity.', 4, 'http://dummyimage.com/115x100.png/dddddd/000000', 'Greek');
insert into books (book_id, title, publisher, isbn, pages, summary, total_copies, picture, language) values (38, 'Little Women', 'Bloomsbury Publishing', '528-3667021144', 362, 'A thrilling mystery that will keep you on the edge of your seat until the very end.', 3, 'http://dummyimage.com/157x100.png/5fa2dd/ffffff', 'Greek');
insert into books (book_id, title, publisher, isbn, pages, summary, total_copies, picture, language) values (39, 'The Sea The Sea', 'Hachette Livre', '899-4071843224', 462, 'A heartwarming story of a boy and his dog overcoming adversity.', 1, 'http://dummyimage.com/127x100.png/5fa2dd/ffffff', 'English');
insert into books (book_id, title, publisher, isbn, pages, summary, total_copies, picture, language) values (40, 'The Castle', 'Penguin Random House', '625-9570009443', 790, 'A thrilling mystery that will keep you on the edge of your seat until the very end.', 3, 'http://dummyimage.com/144x100.png/ff4444/ffffff', 'English');
insert into books (book_id, title, publisher, isbn, pages, summary, total_copies, picture, language) values (41, 'Peter Pan', 'Macmillan Publishers', '151-3501598397', 265, 'A heartwarming story of a boy and his dog overcoming adversity.', 2, 'http://dummyimage.com/232x100.png/cc0000/ffffff', 'Greek');
insert into books (book_id, title, publisher, isbn, pages, summary, total_copies, picture, language) values (42, 'The Little Prince', 'Hachette Livre', '744-4580226327', 666, 'A poignant memoir of a woman''s journey through grief and healing.', 2, 'http://dummyimage.com/174x100.png/dddddd/000000', 'Greek');
insert into books (book_id, title, publisher, isbn, pages, summary, total_copies, picture, language) values (43, 'The Return of the Native ', 'Penguin Random House', '792-8874276088', 556, 'A gripping tale of love and betrayal set in 19th century England.', 1, 'http://dummyimage.com/126x100.png/5fa2dd/ffffff', 'Greek');
insert into books (book_id, title, publisher, isbn, pages, summary, total_copies, picture, language) values (44, 'The Godfather', 'Macmillan Publishers', '765-0227064653', 485, 'A gripping tale of love and betrayal set in 19th century England.', 2, 'http://dummyimage.com/119x100.png/ff4444/ffffff', 'Greek');
insert into books (book_id, title, publisher, isbn, pages, summary, total_copies, picture, language) values (45, 'One Day in the Life of Ivan Denisovich', 'Bloomsbury Publishing', '257-3914942276', 134, 'A heartwarming story of a boy and his dog overcoming adversity.', 1, 'http://dummyimage.com/184x100.png/ff4444/ffffff', 'Russian');
insert into books (book_id, title, publisher, isbn, pages, summary, total_copies, picture, language) values (46, 'Hard Times', 'Penguin Random House', '735-5526272648', 345, 'A heartwarming story of a boy and his dog overcoming adversity.', 2, 'http://dummyimage.com/230x100.png/dddddd/000000', 'Greek');
insert into books (book_id, title, publisher, isbn, pages, summary, total_copies, picture, language) values (47, 'Don Quixote', 'Simon & Schuster', '530-1458636425', 201, 'A thrilling mystery that will keep you on the edge of your seat until the very end.', 2, 'http://dummyimage.com/226x100.png/cc0000/ffffff', 'Greek');
insert into books (book_id, title, publisher, isbn, pages, summary, total_copies, picture, language) values (48, 'The Adventures of Tom Sawyer', 'Bloomsbury Publishing', '579-6567326271', 655, 'A gripping tale of love and betrayal set in 19th century England.', 1, 'http://dummyimage.com/165x100.png/ff4444/ffffff', 'Greek');
insert into books (book_id, title, publisher, isbn, pages, summary, total_copies, picture, language) values (49, 'Treasure Island', 'Penguin Random House', '000-1760793226', 527, 'A poignant memoir of a woman''s journey through grief and healing.', 1, 'http://dummyimage.com/173x100.png/ff4444/ffffff', 'English');
insert into books (book_id, title, publisher, isbn, pages, summary, total_copies, picture, language) values (50, 'Gullivers Travels', 'Bloomsbury Publishing', '112-0190846001', 536, 'A gripping tale of love and betrayal set in 19th century England.', 1, 'http://dummyimage.com/206x100.png/dddddd/000000', 'Greek');
insert into books (book_id, title, publisher, isbn, pages, summary, total_copies, picture, language) values (51, 'The Capital', 'Hachette Livre', '543-6883723889', 399, 'A gripping tale of love and betrayal set in 19th century England.', 3, 'http://dummyimage.com/162x100.png/cc0000/ffffff', 'Greek');
insert into books (book_id, title, publisher, isbn, pages, summary, total_copies, picture, language) values (52, 'The Three Musketeers', 'Macmillan Publishers', '527-9481286506', 912, 'A gripping tale of love and betrayal set in 19th century England.', 3, 'http://dummyimage.com/150x100.png/dddddd/000000', 'Greek');
insert into books (book_id, title, publisher, isbn, pages, summary, total_copies, picture, language) values (53, 'The Wizard of Oz', 'Penguin Random House', '052-2236145532', 74, 'A gripping tale of love and betrayal set in 19th century England.', 1, 'http://dummyimage.com/163x100.png/cc0000/ffffff', 'Greek');
insert into books (book_id, title, publisher, isbn, pages, summary, total_copies, picture, language) values (54, '20.000 Leagues Under the Sea', 'Simon & Schuster', '867-6291567267', 674, 'A thrilling mystery that will keep you on the edge of your seat until the very end.', 4, 'http://dummyimage.com/145x100.png/cc0000/ffffff', 'English');
insert into books (book_id, title, publisher, isbn, pages, summary, total_copies, picture, language) values (55, 'The Picture of Dorian Gray', 'HarperCollins', '353-6500479666', 336, 'A poignant memoir of a woman''s journey through grief and healing.', 5, 'http://dummyimage.com/155x100.png/5fa2dd/ffffff', 'English');
insert into books (book_id, title, publisher, isbn, pages, summary, total_copies, picture, language) values (56, 'The Last of the Mohicans', 'Penguin Random House', '587-0134757661', 83, 'A poignant memoir of a woman''s journey through grief and healing.', 3, 'http://dummyimage.com/224x100.png/ff4444/ffffff', 'Greek');
insert into books (book_id, title, publisher, isbn, pages, summary, total_copies, picture, language) values (57, 'Harry Potter and the Sorcerers Stone', 'Penguin Random House', '196-3131042614', 756, 'A heartwarming story of a boy and his dog overcoming adversity.', 1, 'http://dummyimage.com/213x100.png/5fa2dd/ffffff', 'Greek');
insert into books (book_id, title, publisher, isbn, pages, summary, total_copies, picture, language) values (58, 'Sherlock Holmes', 'Hachette Livre', '669-9593282818', 661, 'A gripping tale of love and betrayal set in 19th century England.', 2, 'http://dummyimage.com/118x100.png/ff4444/ffffff', 'Greek');
insert into books (book_id, title, publisher, isbn, pages, summary, total_copies, picture, language) values (59, 'The Old Man and the Sea', 'Hachette Livre', '699-5140312328', 139, 'A thrilling mystery that will keep you on the edge of your seat until the very end.', 1, 'http://dummyimage.com/161x100.png/5fa2dd/ffffff', 'Greek');
insert into books (book_id, title, publisher, isbn, pages, summary, total_copies, picture, language) values (60, 'Pinocchio', 'Hachette Livre', '053-7580766399', 270, 'A heartwarming story of a boy and his dog overcoming adversity.', 1, 'http://dummyimage.com/143x100.png/dddddd/000000', 'Greek');
insert into books (book_id, title, publisher, isbn, pages, summary, total_copies, picture, language) values (61, 'The Stranger', 'Hachette Livre', '475-5645075959', 864, 'A thrilling mystery that will keep you on the edge of your seat until the very end.', 2, 'http://dummyimage.com/134x100.png/5fa2dd/ffffff', 'Greek');
insert into books (book_id, title, publisher, isbn, pages, summary, total_copies, picture, language) values (62, 'The Trial', 'Macmillan Publishers', '428-5242689293', 117, 'A poignant memoir of a woman''s journey through grief and healing.', 3, 'http://dummyimage.com/219x100.png/dddddd/000000', 'Greek');
insert into books (book_id, title, publisher, isbn, pages, summary, total_copies, picture, language) values (63, 'A Journey to the Center of the Earth', 'Hachette Livre', '022-8444348798', 265, 'A gripping tale of love and betrayal set in 19th century England.', 2, 'http://dummyimage.com/135x100.png/cc0000/ffffff', 'English');
insert into books (book_id, title, publisher, isbn, pages, summary, total_copies, picture, language) values (64, 'Geometry', 'Hachette Livre', '201-0715129287', 682, 'A gripping tale of love and betrayal set in 19th century England.', 1, 'http://dummyimage.com/115x100.png/dddddd/000000', 'Greek');
insert into books (book_id, title, publisher, isbn, pages, summary, total_copies, picture, language) values (65, 'Of Mice and Men', 'HarperCollins', '756-1645006043', 500, 'A heartwarming story of a boy and his dog overcoming adversity.', 1, 'http://dummyimage.com/133x100.png/5fa2dd/ffffff', 'Greek');
insert into books (book_id, title, publisher, isbn, pages, summary, total_copies, picture, language) values (66, 'Fathers and Sons', 'HarperCollins', '035-2003791755', 771, 'A gripping tale of love and betrayal set in 19th century England.', 2, 'http://dummyimage.com/138x100.png/cc0000/ffffff', 'Russian');
insert into books (book_id, title, publisher, isbn, pages, summary, total_copies, picture, language) values (67, 'Doctor Zhivago', 'Penguin Random House', '831-7493038519', 493, 'A gripping tale of love and betrayal set in 19th century England.', 1, 'http://dummyimage.com/177x100.png/cc0000/ffffff', 'Greek');
insert into books (book_id, title, publisher, isbn, pages, summary, total_copies, picture, language) values (68, 'For Whom the Bell Tolls', 'HarperCollins', '734-7002852060', 715, 'A thrilling mystery that will keep you on the edge of your seat until the very end.', 2, 'http://dummyimage.com/195x100.png/ff4444/ffffff', 'Greek');
insert into books (book_id, title, publisher, isbn, pages, summary, total_copies, picture, language) values (69, 'Utopia', 'Bloomsbury Publishing', '568-7540643618', 146, 'A thrilling mystery that will keep you on the edge of your seat until the very end.', 1, 'http://dummyimage.com/133x100.png/dddddd/000000', 'Greek');
insert into books (book_id, title, publisher, isbn, pages, summary, total_copies, picture, language) values (70, 'Harry Potter and the Prisoner of Azkaban', 'Bloomsbury Publishing', '285-3283986163', 377, 'A poignant memoir of a woman''s journey through grief and healing.', 1, 'http://dummyimage.com/238x100.png/cc0000/ffffff', 'Greek');
insert into books (book_id, title, publisher, isbn, pages, summary, total_copies, picture, language) values (71, 'Harry Potter and the Goblet of Fire', 'Hachette Livre', '671-4829582822', 455, 'A gripping tale of love and betrayal set in 19th century England.', 1, 'http://dummyimage.com/109x100.png/ff4444/ffffff', 'Greek');
insert into books (book_id, title, publisher, isbn, pages, summary, total_copies, picture, language) values (72, 'The Hound of the Baskervilles', 'HarperCollins', '073-7162245416', 717, 'A gripping tale of love and betrayal set in 19th century England.', 1, 'http://dummyimage.com/171x100.png/5fa2dd/ffffff', 'Greek');
insert into books (book_id, title, publisher, isbn, pages, summary, total_copies, picture, language) values (73, 'The War of the Worlds', 'Bloomsbury Publishing', '592-1141170752', 939, 'A poignant memoir of a woman''s journey through grief and healing.', 1, 'http://dummyimage.com/175x100.png/cc0000/ffffff', 'English');
insert into books (book_id, title, publisher, isbn, pages, summary, total_copies, picture, language) values (74, 'Around the World in Eighty Days', 'Simon & Schuster', '970-1876086859', 899, 'A poignant memoir of a woman''s journey through grief and healing.', 2, 'http://dummyimage.com/168x100.png/cc0000/ffffff', 'English');
insert into books (book_id, title, publisher, isbn, pages, summary, total_copies, picture, language) values (75, 'Love in the Time of Cholera', 'Bloomsbury Publishing', '721-0671638375', 548, 'A poignant memoir of a woman''s journey through grief and healing.', 1, 'http://dummyimage.com/239x100.png/5fa2dd/ffffff', 'Greek');
insert into books (book_id, title, publisher, isbn, pages, summary, total_copies, picture, language) values (76, 'A Passage to India', 'Penguin Random House', '871-0906783034', 786, 'A poignant memoir of a woman''s journey through grief and healing.', 2, 'http://dummyimage.com/149x100.png/dddddd/000000', 'Greek');
insert into books (book_id, title, publisher, isbn, pages, summary, total_copies, picture, language) values (77, 'Nicholas Nickleby', 'HarperCollins', '538-7212237147', 377, 'A heartwarming story of a boy and his dog overcoming adversity.', 2, 'http://dummyimage.com/142x100.png/cc0000/ffffff', 'Greek');
insert into books (book_id, title, publisher, isbn, pages, summary, total_copies, picture, language) values (78, 'The Alchemist', 'HarperCollins', '880-3991365277', 499, 'A gripping tale of love and betrayal set in 19th century England.', 3, 'http://dummyimage.com/203x100.png/cc0000/ffffff', 'Greek');
insert into books (book_id, title, publisher, isbn, pages, summary, total_copies, picture, language) values (79, 'Robinson Crusoe', 'Simon & Schuster', '257-9207078001', 415, 'A poignant memoir of a woman''s journey through grief and healing.', 2, 'http://dummyimage.com/240x100.png/cc0000/ffffff', 'English');
insert into books (book_id, title, publisher, isbn, pages, summary, total_copies, picture, language) values (80, 'The Idiot', 'HarperCollins', '871-4425697869', 695, 'A thrilling mystery that will keep you on the edge of your seat until the very end.', 1, 'http://dummyimage.com/154x100.png/dddddd/000000', 'Greek');
insert into books (book_id, title, publisher, isbn, pages, summary, total_copies, picture, language) values (81, 'One Flew Over the Cuckoos Nest', 'Macmillan Publishers', '137-5438405376', 792, 'A gripping tale of love and betrayal set in 19th century England.', 3, 'http://dummyimage.com/212x100.png/ff4444/ffffff', 'Greek');
insert into books (book_id, title, publisher, isbn, pages, summary, total_copies, picture, language) values (82, 'Ben-Hur', 'Simon & Schuster', '968-0769089687', 466, 'A gripping tale of love and betrayal set in 19th century England.', 2, 'http://dummyimage.com/250x100.png/ff4444/ffffff', 'Greek');
insert into books (book_id, title, publisher, isbn, pages, summary, total_copies, picture, language) values (83, 'The Last Battle', 'Penguin Random House', '915-4159996011', 843, 'A poignant memoir of a woman''s journey through grief and healing.', 2, 'http://dummyimage.com/163x100.png/ff4444/ffffff', 'Greek');
insert into books (book_id, title, publisher, isbn, pages, summary, total_copies, picture, language) values (84, 'Prince Caspian: The Return to Narnia', 'Hachette Livre', '229-6575621567', 726, 'A gripping tale of love and betrayal set in 19th century England.', 1, 'http://dummyimage.com/150x100.png/cc0000/ffffff', 'Greek');
insert into books (book_id, title, publisher, isbn, pages, summary, total_copies, picture, language) values (85, 'The Hunger Games', 'Hachette Livre', '021-8531367094', 320, 'A heartwarming story of a boy and his dog overcoming adversity.', 1, 'http://dummyimage.com/129x100.png/cc0000/ffffff', 'Greek');
insert into books (book_id, title, publisher, isbn, pages, summary, total_copies, picture, language) values (86, 'Siddhartha', 'Macmillan Publishers', '984-1779554477', 858, 'A poignant memoir of a woman''s journey through grief and healing.', 1, 'http://dummyimage.com/191x100.png/5fa2dd/ffffff', 'Greek');
insert into books (book_id, title, publisher, isbn, pages, summary, total_copies, picture, language) values (87, 'The Book Thief', 'HarperCollins', '057-4375352067', 129, 'A thrilling mystery that will keep you on the edge of your seat until the very end.', 1, 'http://dummyimage.com/160x100.png/5fa2dd/ffffff', 'Greek');
insert into books (book_id, title, publisher, isbn, pages, summary, total_copies, picture, language) values (88, 'Murder on the Orient Express', 'HarperCollins', '085-1754164084', 266, 'A gripping tale of love and betrayal set in 19th century England.', 1, 'http://dummyimage.com/242x100.png/5fa2dd/ffffff', 'Greek');
insert into books (book_id, title, publisher, isbn, pages, summary, total_copies, picture, language) values (89, 'The Girl With the Dragon Tattoo', 'Bloomsbury Publishing', '829-8341239924', 284, 'A heartwarming story of a boy and his dog overcoming adversity.', 3, 'http://dummyimage.com/192x100.png/5fa2dd/ffffff', 'Greek');
insert into books (book_id, title, publisher, isbn, pages, summary, total_copies, picture, language) values (90, 'A Room With a View', 'Hachette Livre', '712-1046776917', 486, 'A thrilling mystery that will keep you on the edge of your seat until the very end.', 1, 'http://dummyimage.com/212x100.png/5fa2dd/ffffff', 'Greek');
insert into books (book_id, title, publisher, isbn, pages, summary, total_copies, picture, language) values (91, 'Memoirs of a Geisha', 'Simon & Schuster', '530-4908773000', 553, 'A heartwarming story of a boy and his dog overcoming adversity.', 3, 'http://dummyimage.com/177x100.png/cc0000/ffffff', 'Greek');
insert into books (book_id, title, publisher, isbn, pages, summary, total_copies, picture, language) values (92, 'The Phantom of the Opera', 'Macmillan Publishers', '122-9838074770', 867, 'A heartwarming story of a boy and his dog overcoming adversity.', 3, 'http://dummyimage.com/225x100.png/cc0000/ffffff', 'Greek');
insert into books (book_id, title, publisher, isbn, pages, summary, total_copies, picture, language) values (93, 'The Mysterious Island', 'Penguin Random House', '187-8341928237', 92, 'A gripping tale of love and betrayal set in 19th century England.', 1, 'http://dummyimage.com/135x100.png/5fa2dd/ffffff', 'Greek');
insert into books (book_id, title, publisher, isbn, pages, summary, total_copies, picture, language) values (94, 'The Hitchhikers Guide to the Galaxy', 'Macmillan Publishers', '860-7590295033', 371, 'A gripping tale of love and betrayal set in 19th century England.', 2, 'http://dummyimage.com/104x100.png/dddddd/000000', 'Greek');
insert into books (book_id, title, publisher, isbn, pages, summary, total_copies, picture, language) values (95, 'The English Patient', 'Macmillan Publishers', '954-6612601349', 152, 'A gripping tale of love and betrayal set in 19th century England.', 4, 'http://dummyimage.com/131x100.png/cc0000/ffffff', 'Greek');
insert into books (book_id, title, publisher, isbn, pages, summary, total_copies, picture, language) values (96, 'Death In Venice', 'HarperCollins', '999-8276826069', 414, 'A gripping tale of love and betrayal set in 19th century England.', 2, 'http://dummyimage.com/210x100.png/ff4444/ffffff', 'Greek');
insert into books (book_id, title, publisher, isbn, pages, summary, total_copies, picture, language) values (97, 'Schindlers List', 'HarperCollins', '250-1437873588', 166, 'A thrilling mystery that will keep you on the edge of your seat until the very end.', 5, 'http://dummyimage.com/193x100.png/cc0000/ffffff', 'Greek');
insert into books (book_id, title, publisher, isbn, pages, summary, total_copies, picture, language) values (98, 'The Maltese Falcon', 'Macmillan Publishers', '501-8173396151', 61, 'A heartwarming story of a boy and his dog overcoming adversity.', 3, 'http://dummyimage.com/247x100.png/5fa2dd/ffffff', 'English');
insert into books (book_id, title, publisher, isbn, pages, summary, total_copies, picture, language) values (99, 'The Gambler', 'Penguin Random House', '363-7592072917', 444, 'A poignant memoir of a woman''s journey through grief and healing.', 3, 'http://dummyimage.com/103x100.png/dddddd/000000', 'Greek');
insert into books (book_id, title, publisher, isbn, pages, summary, total_copies, picture, language) values (100, 'Romeo and Juliet', 'HarperCollins', '477-3969630869', 263, 'A poignant memoir of a woman''s journey through grief and healing.', 1, 'http://dummyimage.com/204x100.png/cc0000/ffffff', 'Greek');

--School_Books
insert into school_books (school_id,book_id,copies) values (2,1,1);
insert into school_books (school_id,book_id,copies) values (3,1,1);
insert into school_books (school_id,book_id,copies) values (3,2,1);
insert into school_books (school_id,book_id,copies) values (3,3,1);
insert into school_books (school_id,book_id,copies) values (2,4,1);
insert into school_books (school_id,book_id,copies) values (3,4,1);
insert into school_books (school_id,book_id,copies) values (3,5,2);
insert into school_books (school_id,book_id,copies) values (1,6,1);
insert into school_books (school_id,book_id,copies) values (2,6,1);
insert into school_books (school_id,book_id,copies) values (3,6,1);
insert into school_books (school_id,book_id,copies) values (2,7,2);
insert into school_books (school_id,book_id,copies) values (1,8,2);
insert into school_books (school_id,book_id,copies) values (2,8,1);
insert into school_books (school_id,book_id,copies) values (2,9,1);
insert into school_books (school_id,book_id,copies) values (3,10,1);
insert into school_books (school_id,book_id,copies) values (2,11,2);
insert into school_books (school_id,book_id,copies) values (1,12,2);
insert into school_books (school_id,book_id,copies) values (2,12,2);
insert into school_books (school_id,book_id,copies) values (3,12,1);
insert into school_books (school_id,book_id,copies) values (1,13,1);
insert into school_books (school_id,book_id,copies) values (2,13,1);
insert into school_books (school_id,book_id,copies) values (1,14,2);
insert into school_books (school_id,book_id,copies) values (2,14,1);
insert into school_books (school_id,book_id,copies) values (2,15,2);
insert into school_books (school_id,book_id,copies) values (3,16,2);
insert into school_books (school_id,book_id,copies) values (1,17,1);
insert into school_books (school_id,book_id,copies) values (1,18,1);
insert into school_books (school_id,book_id,copies) values (2,18,1);
insert into school_books (school_id,book_id,copies) values (2,19,1);
insert into school_books (school_id,book_id,copies) values (3,19,1);
insert into school_books (school_id,book_id,copies) values (3,20,1);
insert into school_books (school_id,book_id,copies) values (1,21,3);
insert into school_books (school_id,book_id,copies) values (3,21,1);
insert into school_books (school_id,book_id,copies) values (1,22,1);
insert into school_books (school_id,book_id,copies) values (1,23,1);
insert into school_books (school_id,book_id,copies) values (3,23,1);
insert into school_books (school_id,book_id,copies) values (1,24,1);
insert into school_books (school_id,book_id,copies) values (1,25,1);
insert into school_books (school_id,book_id,copies) values (2,26,1);
insert into school_books (school_id,book_id,copies) values (3,26,1);
insert into school_books (school_id,book_id,copies) values (3,27,1);
insert into school_books (school_id,book_id,copies) values (2,28,1);
insert into school_books (school_id,book_id,copies) values (3,28,1);
insert into school_books (school_id,book_id,copies) values (3,29,1);
insert into school_books (school_id,book_id,copies) values (1,30,1);
insert into school_books (school_id,book_id,copies) values (1,31,1);
insert into school_books (school_id,book_id,copies) values (3,31,2);
insert into school_books (school_id,book_id,copies) values (2,32,1);
insert into school_books (school_id,book_id,copies) values (2,33,1);
insert into school_books (school_id,book_id,copies) values (1,34,2);
insert into school_books (school_id,book_id,copies) values (3,34,2);
insert into school_books (school_id,book_id,copies) values (1,35,1);
insert into school_books (school_id,book_id,copies) values (2,35,2);
insert into school_books (school_id,book_id,copies) values (3,35,1);
insert into school_books (school_id,book_id,copies) values (1,36,1);
insert into school_books (school_id,book_id,copies) values (2,36,1);
insert into school_books (school_id,book_id,copies) values (2,37,1);
insert into school_books (school_id,book_id,copies) values (3,37,3);
insert into school_books (school_id,book_id,copies) values (1,38,1);
insert into school_books (school_id,book_id,copies) values (2,38,2);
insert into school_books (school_id,book_id,copies) values (3,39,1);
insert into school_books (school_id,book_id,copies) values (1,40,1);
insert into school_books (school_id,book_id,copies) values (2,40,2);
insert into school_books (school_id,book_id,copies) values (1,41,1);
insert into school_books (school_id,book_id,copies) values (2,41,1);
insert into school_books (school_id,book_id,copies) values (1,42,2);
insert into school_books (school_id,book_id,copies) values (3,43,1);
insert into school_books (school_id,book_id,copies) values (2,44,1);
insert into school_books (school_id,book_id,copies) values (3,44,1);
insert into school_books (school_id,book_id,copies) values (2,45,1);
insert into school_books (school_id,book_id,copies) values (2,46,1);
insert into school_books (school_id,book_id,copies) values (3,46,1);
insert into school_books (school_id,book_id,copies) values (2,47,2);
insert into school_books (school_id,book_id,copies) values (2,48,1);
insert into school_books (school_id,book_id,copies) values (2,49,1);
insert into school_books (school_id,book_id,copies) values (1,50,1);
insert into school_books (school_id,book_id,copies) values (2,51,1);
insert into school_books (school_id,book_id,copies) values (3,51,2);
insert into school_books (school_id,book_id,copies) values (2,52,1);
insert into school_books (school_id,book_id,copies) values (3,52,2);
insert into school_books (school_id,book_id,copies) values (2,53,1);
insert into school_books (school_id,book_id,copies) values (1,54,1);
insert into school_books (school_id,book_id,copies) values (3,54,3);
insert into school_books (school_id,book_id,copies) values (2,55,1);
insert into school_books (school_id,book_id,copies) values (3,55,4);
insert into school_books (school_id,book_id,copies) values (1,56,1);
insert into school_books (school_id,book_id,copies) values (2,56,2);
insert into school_books (school_id,book_id,copies) values (1,57,1);
insert into school_books (school_id,book_id,copies) values (1,58,1);
insert into school_books (school_id,book_id,copies) values (3,58,1);
insert into school_books (school_id,book_id,copies) values (2,59,1);
insert into school_books (school_id,book_id,copies) values (1,60,1);
insert into school_books (school_id,book_id,copies) values (3,61,2);
insert into school_books (school_id,book_id,copies) values (1,62,2);
insert into school_books (school_id,book_id,copies) values (3,62,1);
insert into school_books (school_id,book_id,copies) values (2,63,1);
insert into school_books (school_id,book_id,copies) values (3,63,1);
insert into school_books (school_id,book_id,copies) values (3,64,1);
insert into school_books (school_id,book_id,copies) values (2,65,1);
insert into school_books (school_id,book_id,copies) values (1,66,2);
insert into school_books (school_id,book_id,copies) values (1,67,1);
insert into school_books (school_id,book_id,copies) values (1,68,1);
insert into school_books (school_id,book_id,copies) values (2,68,1);
insert into school_books (school_id,book_id,copies) values (3,69,1);
insert into school_books (school_id,book_id,copies) values (3,70,1);
insert into school_books (school_id,book_id,copies) values (2,71,1);
insert into school_books (school_id,book_id,copies) values (1,72,1);
insert into school_books (school_id,book_id,copies) values (2,73,1);
insert into school_books (school_id,book_id,copies) values (2,74,2);
insert into school_books (school_id,book_id,copies) values (1,75,1);
insert into school_books (school_id,book_id,copies) values (1,76,2);
insert into school_books (school_id,book_id,copies) values (2,77,1);
insert into school_books (school_id,book_id,copies) values (3,77,1);
insert into school_books (school_id,book_id,copies) values (1,78,1);
insert into school_books (school_id,book_id,copies) values (2,78,2);
insert into school_books (school_id,book_id,copies) values (1,79,2);
insert into school_books (school_id,book_id,copies) values (1,80,1);
insert into school_books (school_id,book_id,copies) values (2,81,2);
insert into school_books (school_id,book_id,copies) values (3,81,1);
insert into school_books (school_id,book_id,copies) values (1,82,2);
insert into school_books (school_id,book_id,copies) values (2,83,1);
insert into school_books (school_id,book_id,copies) values (3,83,1);
insert into school_books (school_id,book_id,copies) values (1,84,1);
insert into school_books (school_id,book_id,copies) values (2,85,1);
insert into school_books (school_id,book_id,copies) values (1,86,1);
insert into school_books (school_id,book_id,copies) values (1,87,1);
insert into school_books (school_id,book_id,copies) values (1,88,1);
insert into school_books (school_id,book_id,copies) values (1,89,1);
insert into school_books (school_id,book_id,copies) values (2,89,1);
insert into school_books (school_id,book_id,copies) values (3,89,1);
insert into school_books (school_id,book_id,copies) values (3,90,1);
insert into school_books (school_id,book_id,copies) values (1,91,1);
insert into school_books (school_id,book_id,copies) values (2,91,2);
insert into school_books (school_id,book_id,copies) values (1,92,1);
insert into school_books (school_id,book_id,copies) values (2,92,1);
insert into school_books (school_id,book_id,copies) values (3,92,1);
insert into school_books (school_id,book_id,copies) values (1,93,1);
insert into school_books (school_id,book_id,copies) values (1,94,1);
insert into school_books (school_id,book_id,copies) values (3,94,1);
insert into school_books (school_id,book_id,copies) values (1,95,3);
insert into school_books (school_id,book_id,copies) values (3,95,1);
insert into school_books (school_id,book_id,copies) values (1,96,1);
insert into school_books (school_id,book_id,copies) values (3,96,1);
insert into school_books (school_id,book_id,copies) values (1,97,3);
insert into school_books (school_id,book_id,copies) values (2,97,1);
insert into school_books (school_id,book_id,copies) values (3,97,1);
insert into school_books (school_id,book_id,copies) values (1,98,1);
insert into school_books (school_id,book_id,copies) values (2,98,1);
insert into school_books (school_id,book_id,copies) values (3,98,1);
insert into school_books (school_id,book_id,copies) values (1,99,3);
insert into school_books (school_id,book_id,copies) values (1,100,1);

--Authors
insert into authors (author_id, author) values (1, 'Ray Bradbury');
insert into authors (author_id, author) values (2, 'Mark Twain');
insert into authors (author_id, author) values (3, 'Margaret Atwood');
insert into authors (author_id, author) values (4, 'Philip K. Dick');
insert into authors (author_id, author) values (5, 'C.S. Lewis');
insert into authors (author_id, author) values (6, 'William Shakespeare');
insert into authors (author_id, author) values (7, 'Ursula K. Le Guin');
insert into authors (author_id, author) values (8, 'Robert A. Heinlein');
insert into authors (author_id, author) values (9, 'J.R.R. Tolkien');
insert into authors (author_id, author) values (10, 'Agatha Christie');
insert into authors (author_id, author) values (11, 'Virginia Woolf');
insert into authors (author_id, author) values (12, 'Charles Dickens');
insert into authors (author_id, author) values (13, 'J.K. Rowling');
insert into authors (author_id, author) values (14, 'Mary Shelley');
insert into authors (author_id, author) values (15, 'H.G. Wells');
insert into authors (author_id, author) values (16, 'George Orwell');
insert into authors (author_id, author) values (17, 'Carl Marx');
insert into authors (author_id, author) values (18, 'Haruki Murakami');
insert into authors (author_id, author) values (19, 'Franz Kafka');
insert into authors (author_id, author) values (20, 'Oscar Wilde');
insert into authors (author_id, author) values (21, 'Arthur Conan Doyle');
insert into authors (author_id, author) values (22, 'Ralph Waldo Emerson');
insert into authors (author_id, author) values (23, 'Danielle Steel');
insert into authors (author_id, author) values (24, 'Ernest Hemingway');
insert into authors (author_id, author) values (25, 'Albert Camus');
insert into authors (author_id, author) values (26, 'George R.R. Martin');
insert into authors (author_id, author) values (27, 'Gabriel Garcia Marquez');
insert into authors (author_id, author) values (28, 'Jules Verne');
insert into authors (author_id, author) values (29, 'Pablo Neruda');
insert into authors (author_id, author) values (30, 'Paolo Coelho');

--Book_Authors
insert into book_authors (book_id,author_id) values (1,21);
insert into book_authors (book_id,author_id) values (1,11);
insert into book_authors (book_id,author_id) values (2,18);
insert into book_authors (book_id,author_id) values (2,23);
insert into book_authors (book_id,author_id) values (3,7);
insert into book_authors (book_id,author_id) values (3,20);
insert into book_authors (book_id,author_id) values (4,13);
insert into book_authors (book_id,author_id) values (5,2);
insert into book_authors (book_id,author_id) values (6,3);
insert into book_authors (book_id,author_id) values (6,19);
insert into book_authors (book_id,author_id) values (6,5);
insert into book_authors (book_id,author_id) values (7,7);
insert into book_authors (book_id,author_id) values (8,8);
insert into book_authors (book_id,author_id) values (9,12);
insert into book_authors (book_id,author_id) values (9,1);
insert into book_authors (book_id,author_id) values (10,21);
insert into book_authors (book_id,author_id) values (10,4);
insert into book_authors (book_id,author_id) values (11,27);
insert into book_authors (book_id,author_id) values (12,12);
insert into book_authors (book_id,author_id) values (13,7);
insert into book_authors (book_id,author_id) values (14,14);
insert into book_authors (book_id,author_id) values (14,17);
insert into book_authors (book_id,author_id) values (15,5);
insert into book_authors (book_id,author_id) values (16,24);
insert into book_authors (book_id,author_id) values (17,8);
insert into book_authors (book_id,author_id) values (17,24);
insert into book_authors (book_id,author_id) values (17,30);
insert into book_authors (book_id,author_id) values (18,18);
insert into book_authors (book_id,author_id) values (19,27);
insert into book_authors (book_id,author_id) values (20,15);
insert into book_authors (book_id,author_id) values (21,18);
insert into book_authors (book_id,author_id) values (22,25);
insert into book_authors (book_id,author_id) values (23,7);
insert into book_authors (book_id,author_id) values (24,27);
insert into book_authors (book_id,author_id) values (25,14);
insert into book_authors (book_id,author_id) values (26,24);
insert into book_authors (book_id,author_id) values (27,2);
insert into book_authors (book_id,author_id) values (28,24);
insert into book_authors (book_id,author_id) values (29,17);
insert into book_authors (book_id,author_id) values (30,10);
insert into book_authors (book_id,author_id) values (30,28);
insert into book_authors (book_id,author_id) values (31,17);
insert into book_authors (book_id,author_id) values (31,29);
insert into book_authors (book_id,author_id) values (32,14);
insert into book_authors (book_id,author_id) values (32,30);
insert into book_authors (book_id,author_id) values (33,14);
insert into book_authors (book_id,author_id) values (33,5);
insert into book_authors (book_id,author_id) values (33,10);
insert into book_authors (book_id,author_id) values (34,21);
insert into book_authors (book_id,author_id) values (35,26);
insert into book_authors (book_id,author_id) values (36,12);
insert into book_authors (book_id,author_id) values (36,4);
insert into book_authors (book_id,author_id) values (37,15);
insert into book_authors (book_id,author_id) values (38,3);
insert into book_authors (book_id,author_id) values (39,7);
insert into book_authors (book_id,author_id) values (39,18);
insert into book_authors (book_id,author_id) values (39,12);
insert into book_authors (book_id,author_id) values (40,4);
insert into book_authors (book_id,author_id) values (41,11);
insert into book_authors (book_id,author_id) values (41,18);
insert into book_authors (book_id,author_id) values (42,23);
insert into book_authors (book_id,author_id) values (42,22);
insert into book_authors (book_id,author_id) values (42,15);
insert into book_authors (book_id,author_id) values (43,18);
insert into book_authors (book_id,author_id) values (44,18);
insert into book_authors (book_id,author_id) values (44,16);
insert into book_authors (book_id,author_id) values (44,7);
insert into book_authors (book_id,author_id) values (45,21);
insert into book_authors (book_id,author_id) values (45,11);
insert into book_authors (book_id,author_id) values (46,15);
insert into book_authors (book_id,author_id) values (46,3);
insert into book_authors (book_id,author_id) values (47,21);
insert into book_authors (book_id,author_id) values (47,9);
insert into book_authors (book_id,author_id) values (48,18);
insert into book_authors (book_id,author_id) values (49,5);
insert into book_authors (book_id,author_id) values (49,18);
insert into book_authors (book_id,author_id) values (49,11);
insert into book_authors (book_id,author_id) values (50,5);
insert into book_authors (book_id,author_id) values (51,13);
insert into book_authors (book_id,author_id) values (52,2);
insert into book_authors (book_id,author_id) values (53,1);
insert into book_authors (book_id,author_id) values (54,14);
insert into book_authors (book_id,author_id) values (54,29);
insert into book_authors (book_id,author_id) values (55,19);
insert into book_authors (book_id,author_id) values (56,29);
insert into book_authors (book_id,author_id) values (57,9);
insert into book_authors (book_id,author_id) values (57,8);
insert into book_authors (book_id,author_id) values (57,27);
insert into book_authors (book_id,author_id) values (58,26);
insert into book_authors (book_id,author_id) values (59,6);
insert into book_authors (book_id,author_id) values (60,5);
insert into book_authors (book_id,author_id) values (61,20);
insert into book_authors (book_id,author_id) values (62,3);
insert into book_authors (book_id,author_id) values (63,29);
insert into book_authors (book_id,author_id) values (63,22);
insert into book_authors (book_id,author_id) values (63,27);
insert into book_authors (book_id,author_id) values (64,17);
insert into book_authors (book_id,author_id) values (65,12);
insert into book_authors (book_id,author_id) values (66,18);
insert into book_authors (book_id,author_id) values (66,7);
insert into book_authors (book_id,author_id) values (67,24);
insert into book_authors (book_id,author_id) values (67,5);
insert into book_authors (book_id,author_id) values (68,4);
insert into book_authors (book_id,author_id) values (69,26);
insert into book_authors (book_id,author_id) values (70,4);
insert into book_authors (book_id,author_id) values (71,22);
insert into book_authors (book_id,author_id) values (72,15);
insert into book_authors (book_id,author_id) values (73,18);
insert into book_authors (book_id,author_id) values (74,2);
insert into book_authors (book_id,author_id) values (75,11);
insert into book_authors (book_id,author_id) values (76,22);
insert into book_authors (book_id,author_id) values (77,11);
insert into book_authors (book_id,author_id) values (78,4);
insert into book_authors (book_id,author_id) values (79,22);
insert into book_authors (book_id,author_id) values (80,7);
insert into book_authors (book_id,author_id) values (81,20);
insert into book_authors (book_id,author_id) values (82,13);
insert into book_authors (book_id,author_id) values (82,23);
insert into book_authors (book_id,author_id) values (83,21);
insert into book_authors (book_id,author_id) values (84,11);
insert into book_authors (book_id,author_id) values (84,20);
insert into book_authors (book_id,author_id) values (85,6);
insert into book_authors (book_id,author_id) values (86,14);
insert into book_authors (book_id,author_id) values (87,19);
insert into book_authors (book_id,author_id) values (88,15);
insert into book_authors (book_id,author_id) values (89,4);
insert into book_authors (book_id,author_id) values (89,13);
insert into book_authors (book_id,author_id) values (90,7);
insert into book_authors (book_id,author_id) values (91,2);
insert into book_authors (book_id,author_id) values (92,14);
insert into book_authors (book_id,author_id) values (93,3);
insert into book_authors (book_id,author_id) values (94,27);
insert into book_authors (book_id,author_id) values (94,25);
insert into book_authors (book_id,author_id) values (95,28);
insert into book_authors (book_id,author_id) values (96,6);
insert into book_authors (book_id,author_id) values (96,7);
insert into book_authors (book_id,author_id) values (96,17);
insert into book_authors (book_id,author_id) values (97,18);
insert into book_authors (book_id,author_id) values (98,30);
insert into book_authors (book_id,author_id) values (99,30);
insert into book_authors (book_id,author_id) values (100,30);

--Categories
insert into categories (category_id, category) values (1, 'Fiction');
insert into categories (category_id, category) values (2, 'Non-fiction');
insert into categories (category_id, category) values (3, 'Mystery');
insert into categories (category_id, category) values (4, 'Romance');
insert into categories (category_id, category) values (5, 'Science Fiction');
insert into categories (category_id, category) values (6, 'Fantasy');
insert into categories (category_id, category) values (7, 'Biography');
insert into categories (category_id, category) values (8, 'History');
insert into categories (category_id, category) values (9, 'Poetry');
insert into categories (category_id, category) values (10, 'Humor');
insert into categories (category_id, category) values (11, 'Cooking');
insert into categories (category_id, category) values (12, 'Travel');
insert into categories (category_id, category) values (13, 'Art');
insert into categories (category_id, category) values (14, 'Religion');
insert into categories (category_id, category) values (15, 'Children''s Books');
insert into categories (category_id, category) values (16, 'Self Help');
insert into categories (category_id, category) values (17, 'Science');

--Book_Categories
insert into book_categories (book_id,category_id) values (1,8);
insert into book_categories (book_id,category_id) values (2,6);
insert into book_categories (book_id,category_id) values (3,9);
insert into book_categories (book_id,category_id) values (4,1);
insert into book_categories (book_id,category_id) values (5,14);
insert into book_categories (book_id,category_id) values (6,9);
insert into book_categories (book_id,category_id) values (6,6);
insert into book_categories (book_id,category_id) values (7,10);
insert into book_categories (book_id,category_id) values (8,9);
insert into book_categories (book_id,category_id) values (9,7);
insert into book_categories (book_id,category_id) values (10,3);
insert into book_categories (book_id,category_id) values (11,12);
insert into book_categories (book_id,category_id) values (12,10);
insert into book_categories (book_id,category_id) values (12,8);
insert into book_categories (book_id,category_id) values (13,11);
insert into book_categories (book_id,category_id) values (14,4);
insert into book_categories (book_id,category_id) values (15,15);
insert into book_categories (book_id,category_id) values (16,6);
insert into book_categories (book_id,category_id) values (17,10);
insert into book_categories (book_id,category_id) values (18,11);
insert into book_categories (book_id,category_id) values (18,7);
insert into book_categories (book_id,category_id) values (19,17);
insert into book_categories (book_id,category_id) values (20,4);
insert into book_categories (book_id,category_id) values (21,1);
insert into book_categories (book_id,category_id) values (22,11);
insert into book_categories (book_id,category_id) values (23,16);
insert into book_categories (book_id,category_id) values (24,14);
insert into book_categories (book_id,category_id) values (25,1);
insert into book_categories (book_id,category_id) values (26,5);
insert into book_categories (book_id,category_id) values (27,4);
insert into book_categories (book_id,category_id) values (28,3);
insert into book_categories (book_id,category_id) values (28,14);
insert into book_categories (book_id,category_id) values (29,9);
insert into book_categories (book_id,category_id) values (30,16);
insert into book_categories (book_id,category_id) values (31,8);
insert into book_categories (book_id,category_id) values (32,8);
insert into book_categories (book_id,category_id) values (33,17);
insert into book_categories (book_id,category_id) values (34,9);
insert into book_categories (book_id,category_id) values (35,17);
insert into book_categories (book_id,category_id) values (35,2);
insert into book_categories (book_id,category_id) values (36,7);
insert into book_categories (book_id,category_id) values (36,9);
insert into book_categories (book_id,category_id) values (37,3);
insert into book_categories (book_id,category_id) values (38,5);
insert into book_categories (book_id,category_id) values (38,9);
insert into book_categories (book_id,category_id) values (38,1);
insert into book_categories (book_id,category_id) values (39,9);
insert into book_categories (book_id,category_id) values (40,16);
insert into book_categories (book_id,category_id) values (41,10);
insert into book_categories (book_id,category_id) values (42,13);
insert into book_categories (book_id,category_id) values (43,6);
insert into book_categories (book_id,category_id) values (44,17);
insert into book_categories (book_id,category_id) values (45,15);
insert into book_categories (book_id,category_id) values (46,14);
insert into book_categories (book_id,category_id) values (47,1);
insert into book_categories (book_id,category_id) values (48,5);
insert into book_categories (book_id,category_id) values (48,10);
insert into book_categories (book_id,category_id) values (48,13);
insert into book_categories (book_id,category_id) values (49,5);
insert into book_categories (book_id,category_id) values (50,16);
insert into book_categories (book_id,category_id) values (51,10);
insert into book_categories (book_id,category_id) values (52,9);
insert into book_categories (book_id,category_id) values (53,16);
insert into book_categories (book_id,category_id) values (53,4);
insert into book_categories (book_id,category_id) values (54,11);
insert into book_categories (book_id,category_id) values (55,3);
insert into book_categories (book_id,category_id) values (55,12);
insert into book_categories (book_id,category_id) values (56,15);
insert into book_categories (book_id,category_id) values (57,12);
insert into book_categories (book_id,category_id) values (58,8);
insert into book_categories (book_id,category_id) values (58,6);
insert into book_categories (book_id,category_id) values (58,2);
insert into book_categories (book_id,category_id) values (59,10);
insert into book_categories (book_id,category_id) values (59,15);
insert into book_categories (book_id,category_id) values (60,3);
insert into book_categories (book_id,category_id) values (61,12);
insert into book_categories (book_id,category_id) values (61,1);
insert into book_categories (book_id,category_id) values (62,7);
insert into book_categories (book_id,category_id) values (63,7);
insert into book_categories (book_id,category_id) values (64,8);
insert into book_categories (book_id,category_id) values (65,16);
insert into book_categories (book_id,category_id) values (66,15);
insert into book_categories (book_id,category_id) values (67,7);
insert into book_categories (book_id,category_id) values (67,6);
insert into book_categories (book_id,category_id) values (68,15);
insert into book_categories (book_id,category_id) values (69,6);
insert into book_categories (book_id,category_id) values (69,7);
insert into book_categories (book_id,category_id) values (70,11);
insert into book_categories (book_id,category_id) values (71,2);
insert into book_categories (book_id,category_id) values (72,14);
insert into book_categories (book_id,category_id) values (73,15);
insert into book_categories (book_id,category_id) values (73,13);
insert into book_categories (book_id,category_id) values (73,1);
insert into book_categories (book_id,category_id) values (74,6);
insert into book_categories (book_id,category_id) values (75,7);
insert into book_categories (book_id,category_id) values (76,2);
insert into book_categories (book_id,category_id) values (77,14);
insert into book_categories (book_id,category_id) values (77,6);
insert into book_categories (book_id,category_id) values (77,5);
insert into book_categories (book_id,category_id) values (78,9);
insert into book_categories (book_id,category_id) values (79,7);
insert into book_categories (book_id,category_id) values (80,7);
insert into book_categories (book_id,category_id) values (81,3);
insert into book_categories (book_id,category_id) values (81,14);
insert into book_categories (book_id,category_id) values (81,1);
insert into book_categories (book_id,category_id) values (82,17);
insert into book_categories (book_id,category_id) values (83,9);
insert into book_categories (book_id,category_id) values (83,4);
insert into book_categories (book_id,category_id) values (83,3);
insert into book_categories (book_id,category_id) values (84,14);
insert into book_categories (book_id,category_id) values (85,9);
insert into book_categories (book_id,category_id) values (86,12);
insert into book_categories (book_id,category_id) values (86,16);
insert into book_categories (book_id,category_id) values (87,16);
insert into book_categories (book_id,category_id) values (88,2);
insert into book_categories (book_id,category_id) values (89,5);
insert into book_categories (book_id,category_id) values (90,17);
insert into book_categories (book_id,category_id) values (90,6);
insert into book_categories (book_id,category_id) values (91,1);
insert into book_categories (book_id,category_id) values (92,8);
insert into book_categories (book_id,category_id) values (93,3);
insert into book_categories (book_id,category_id) values (94,3);
insert into book_categories (book_id,category_id) values (95,2);
insert into book_categories (book_id,category_id) values (95,1);
insert into book_categories (book_id,category_id) values (96,4);
insert into book_categories (book_id,category_id) values (96,8);
insert into book_categories (book_id,category_id) values (96,5);
insert into book_categories (book_id,category_id) values (97,17);
insert into book_categories (book_id,category_id) values (97,16);
insert into book_categories (book_id,category_id) values (98,7);
insert into book_categories (book_id,category_id) values (99,5);
insert into book_categories (book_id,category_id) values (100,8);

--Keywords
insert into keywords (keyword_id, keyword) values (1, 'angels');
insert into keywords (keyword_id, keyword) values (2, 'ghosts');
insert into keywords (keyword_id, keyword) values (3, 'vampires');
insert into keywords (keyword_id, keyword) values (4, 'werewolves');
insert into keywords (keyword_id, keyword) values (5, 'shapeshifters');
insert into keywords (keyword_id, keyword) values (6, 'witch');
insert into keywords (keyword_id, keyword) values (7, 'wizard');
insert into keywords (keyword_id, keyword) values (8, 'warlock');
insert into keywords (keyword_id, keyword) values (9, 'druid');
insert into keywords (keyword_id, keyword) values (10, 'shaman');
insert into keywords (keyword_id, keyword) values (11, 'zombies');
insert into keywords (keyword_id, keyword) values (12, 'sword');
insert into keywords (keyword_id, keyword) values (13, 'sorcery');
insert into keywords (keyword_id, keyword) values (14, 'magic');
insert into keywords (keyword_id, keyword) values (15, 'dragon');
insert into keywords (keyword_id, keyword) values (16, 'quest');
insert into keywords (keyword_id, keyword) values (17, 'detective');
insert into keywords (keyword_id, keyword) values (18, 'sleuth');
insert into keywords (keyword_id, keyword) values (19, 'fantasy');
insert into keywords (keyword_id, keyword) values (20, 'paranormal');
insert into keywords (keyword_id, keyword) values (21, 'technology');
insert into keywords (keyword_id, keyword) values (22, 'love');
insert into keywords (keyword_id, keyword) values (23, 'romantic');
insert into keywords (keyword_id, keyword) values (24, 'science fiction');
insert into keywords (keyword_id, keyword) values (25, 'dystopian');
insert into keywords (keyword_id, keyword) values (26, 'spy');
insert into keywords (keyword_id, keyword) values (27, 'terrorist');
insert into keywords (keyword_id, keyword) values (28, 'secret agent');
insert into keywords (keyword_id, keyword) values (29, 'historical');
insert into keywords (keyword_id, keyword) values (30, 'cat');
insert into keywords (keyword_id, keyword) values (31, 'action');
insert into keywords (keyword_id, keyword) values (32, 'adventure');
insert into keywords (keyword_id, keyword) values (33, 'alien');
insert into keywords (keyword_id, keyword) values (34, 'extraterrestrial');
insert into keywords (keyword_id, keyword) values (35, 'time travel');
insert into keywords (keyword_id, keyword) values (36, 'feel-good');
insert into keywords (keyword_id, keyword) values (37, 'forgiveness');
insert into keywords (keyword_id, keyword) values (38, 'gifts');
insert into keywords (keyword_id, keyword) values (39, 'summer');
insert into keywords (keyword_id, keyword) values (40, 'birds');
insert into keywords (keyword_id, keyword) values (41, 'unicorns');
insert into keywords (keyword_id, keyword) values (42, 'dog');
insert into keywords (keyword_id, keyword) values (43, 'babies');
insert into keywords (keyword_id, keyword) values (44, 'kids');
insert into keywords (keyword_id, keyword) values (45, 'beach');
insert into keywords (keyword_id, keyword) values (46, 'women');
insert into keywords (keyword_id, keyword) values (47, 'men');
insert into keywords (keyword_id, keyword) values (48, 'easter');
insert into keywords (keyword_id, keyword) values (49, 'christmas');
insert into keywords (keyword_id, keyword) values (50, 'mouse');

--Book_Keywords
insert into book_keywords (book_id,keyword_id) values (1,27);
insert into book_keywords (book_id,keyword_id) values (1,3);
insert into book_keywords (book_id,keyword_id) values (1,14);
insert into book_keywords (book_id,keyword_id) values (2,17);
insert into book_keywords (book_id,keyword_id) values (2,44);
insert into book_keywords (book_id,keyword_id) values (3,2);
insert into book_keywords (book_id,keyword_id) values (3,25);
insert into book_keywords (book_id,keyword_id) values (3,31);
insert into book_keywords (book_id,keyword_id) values (3,3);
insert into book_keywords (book_id,keyword_id) values (4,47);
insert into book_keywords (book_id,keyword_id) values (4,10);
insert into book_keywords (book_id,keyword_id) values (4,48);
insert into book_keywords (book_id,keyword_id) values (4,27);
insert into book_keywords (book_id,keyword_id) values (5,18);
insert into book_keywords (book_id,keyword_id) values (5,45);
insert into book_keywords (book_id,keyword_id) values (6,39);
insert into book_keywords (book_id,keyword_id) values (6,13);
insert into book_keywords (book_id,keyword_id) values (6,35);
insert into book_keywords (book_id,keyword_id) values (7,24);
insert into book_keywords (book_id,keyword_id) values (7,15);
insert into book_keywords (book_id,keyword_id) values (8,3);
insert into book_keywords (book_id,keyword_id) values (8,1);
insert into book_keywords (book_id,keyword_id) values (9,23);
insert into book_keywords (book_id,keyword_id) values (9,27);
insert into book_keywords (book_id,keyword_id) values (10,30);
insert into book_keywords (book_id,keyword_id) values (10,50);
insert into book_keywords (book_id,keyword_id) values (10,44);
insert into book_keywords (book_id,keyword_id) values (11,24);
insert into book_keywords (book_id,keyword_id) values (11,47);
insert into book_keywords (book_id,keyword_id) values (12,27);
insert into book_keywords (book_id,keyword_id) values (12,43);
insert into book_keywords (book_id,keyword_id) values (12,33);
insert into book_keywords (book_id,keyword_id) values (13,6);
insert into book_keywords (book_id,keyword_id) values (13,50);
insert into book_keywords (book_id,keyword_id) values (13,22);
insert into book_keywords (book_id,keyword_id) values (14,19);
insert into book_keywords (book_id,keyword_id) values (14,1);
insert into book_keywords (book_id,keyword_id) values (15,24);
insert into book_keywords (book_id,keyword_id) values (15,23);
insert into book_keywords (book_id,keyword_id) values (16,3);
insert into book_keywords (book_id,keyword_id) values (16,14);
insert into book_keywords (book_id,keyword_id) values (17,32);
insert into book_keywords (book_id,keyword_id) values (17,21);
insert into book_keywords (book_id,keyword_id) values (17,35);
insert into book_keywords (book_id,keyword_id) values (18,5);
insert into book_keywords (book_id,keyword_id) values (18,48);
insert into book_keywords (book_id,keyword_id) values (18,9);
insert into book_keywords (book_id,keyword_id) values (18,40);
insert into book_keywords (book_id,keyword_id) values (19,47);
insert into book_keywords (book_id,keyword_id) values (19,16);
insert into book_keywords (book_id,keyword_id) values (20,31);
insert into book_keywords (book_id,keyword_id) values (20,23);
insert into book_keywords (book_id,keyword_id) values (20,17);
insert into book_keywords (book_id,keyword_id) values (21,22);
insert into book_keywords (book_id,keyword_id) values (21,42);
insert into book_keywords (book_id,keyword_id) values (21,12);
insert into book_keywords (book_id,keyword_id) values (22,40);
insert into book_keywords (book_id,keyword_id) values (22,11);
insert into book_keywords (book_id,keyword_id) values (23,39);
insert into book_keywords (book_id,keyword_id) values (23,28);
insert into book_keywords (book_id,keyword_id) values (23,40);
insert into book_keywords (book_id,keyword_id) values (24,37);
insert into book_keywords (book_id,keyword_id) values (24,41);
insert into book_keywords (book_id,keyword_id) values (25,13);
insert into book_keywords (book_id,keyword_id) values (25,22);
insert into book_keywords (book_id,keyword_id) values (25,43);
insert into book_keywords (book_id,keyword_id) values (25,6);
insert into book_keywords (book_id,keyword_id) values (26,16);
insert into book_keywords (book_id,keyword_id) values (26,22);
insert into book_keywords (book_id,keyword_id) values (26,25);
insert into book_keywords (book_id,keyword_id) values (27,20);
insert into book_keywords (book_id,keyword_id) values (27,48);
insert into book_keywords (book_id,keyword_id) values (27,29);
insert into book_keywords (book_id,keyword_id) values (27,46);
insert into book_keywords (book_id,keyword_id) values (28,35);
insert into book_keywords (book_id,keyword_id) values (28,14);
insert into book_keywords (book_id,keyword_id) values (28,44);
insert into book_keywords (book_id,keyword_id) values (28,22);
insert into book_keywords (book_id,keyword_id) values (29,4);
insert into book_keywords (book_id,keyword_id) values (29,8);
insert into book_keywords (book_id,keyword_id) values (29,39);
insert into book_keywords (book_id,keyword_id) values (29,5);
insert into book_keywords (book_id,keyword_id) values (30,15);
insert into book_keywords (book_id,keyword_id) values (30,25);
insert into book_keywords (book_id,keyword_id) values (31,14);
insert into book_keywords (book_id,keyword_id) values (31,28);
insert into book_keywords (book_id,keyword_id) values (31,18);
insert into book_keywords (book_id,keyword_id) values (31,8);
insert into book_keywords (book_id,keyword_id) values (32,4);
insert into book_keywords (book_id,keyword_id) values (32,26);
insert into book_keywords (book_id,keyword_id) values (32,47);
insert into book_keywords (book_id,keyword_id) values (33,48);
insert into book_keywords (book_id,keyword_id) values (33,26);
insert into book_keywords (book_id,keyword_id) values (34,10);
insert into book_keywords (book_id,keyword_id) values (34,23);
insert into book_keywords (book_id,keyword_id) values (35,28);
insert into book_keywords (book_id,keyword_id) values (35,16);
insert into book_keywords (book_id,keyword_id) values (36,13);
insert into book_keywords (book_id,keyword_id) values (36,2);
insert into book_keywords (book_id,keyword_id) values (36,19);
insert into book_keywords (book_id,keyword_id) values (37,26);
insert into book_keywords (book_id,keyword_id) values (37,29);
insert into book_keywords (book_id,keyword_id) values (38,48);
insert into book_keywords (book_id,keyword_id) values (38,35);
insert into book_keywords (book_id,keyword_id) values (38,47);
insert into book_keywords (book_id,keyword_id) values (38,41);
insert into book_keywords (book_id,keyword_id) values (39,26);
insert into book_keywords (book_id,keyword_id) values (39,42);
insert into book_keywords (book_id,keyword_id) values (39,21);
insert into book_keywords (book_id,keyword_id) values (40,30);
insert into book_keywords (book_id,keyword_id) values (40,34);
insert into book_keywords (book_id,keyword_id) values (40,25);
insert into book_keywords (book_id,keyword_id) values (41,21);
insert into book_keywords (book_id,keyword_id) values (41,28);
insert into book_keywords (book_id,keyword_id) values (41,5);
insert into book_keywords (book_id,keyword_id) values (42,48);
insert into book_keywords (book_id,keyword_id) values (42,29);
insert into book_keywords (book_id,keyword_id) values (43,33);
insert into book_keywords (book_id,keyword_id) values (43,18);
insert into book_keywords (book_id,keyword_id) values (44,12);
insert into book_keywords (book_id,keyword_id) values (44,23);
insert into book_keywords (book_id,keyword_id) values (44,37);
insert into book_keywords (book_id,keyword_id) values (45,36);
insert into book_keywords (book_id,keyword_id) values (45,16);
insert into book_keywords (book_id,keyword_id) values (45,3);
insert into book_keywords (book_id,keyword_id) values (45,20);
insert into book_keywords (book_id,keyword_id) values (46,36);
insert into book_keywords (book_id,keyword_id) values (46,28);
insert into book_keywords (book_id,keyword_id) values (47,15);
insert into book_keywords (book_id,keyword_id) values (47,17);
insert into book_keywords (book_id,keyword_id) values (47,29);
insert into book_keywords (book_id,keyword_id) values (47,13);
insert into book_keywords (book_id,keyword_id) values (48,21);
insert into book_keywords (book_id,keyword_id) values (48,4);
insert into book_keywords (book_id,keyword_id) values (49,20);
insert into book_keywords (book_id,keyword_id) values (49,42);
insert into book_keywords (book_id,keyword_id) values (49,34);
insert into book_keywords (book_id,keyword_id) values (50,3);
insert into book_keywords (book_id,keyword_id) values (50,33);
insert into book_keywords (book_id,keyword_id) values (50,17);
insert into book_keywords (book_id,keyword_id) values (51,6);
insert into book_keywords (book_id,keyword_id) values (51,15);
insert into book_keywords (book_id,keyword_id) values (52,30);
insert into book_keywords (book_id,keyword_id) values (52,50);
insert into book_keywords (book_id,keyword_id) values (53,4);
insert into book_keywords (book_id,keyword_id) values (53,38);
insert into book_keywords (book_id,keyword_id) values (53,34);
insert into book_keywords (book_id,keyword_id) values (53,2);
insert into book_keywords (book_id,keyword_id) values (54,5);
insert into book_keywords (book_id,keyword_id) values (54,45);
insert into book_keywords (book_id,keyword_id) values (55,37);
insert into book_keywords (book_id,keyword_id) values (55,20);
insert into book_keywords (book_id,keyword_id) values (55,19);
insert into book_keywords (book_id,keyword_id) values (56,37);
insert into book_keywords (book_id,keyword_id) values (56,17);
insert into book_keywords (book_id,keyword_id) values (57,48);
insert into book_keywords (book_id,keyword_id) values (57,30);
insert into book_keywords (book_id,keyword_id) values (58,6);
insert into book_keywords (book_id,keyword_id) values (58,35);
insert into book_keywords (book_id,keyword_id) values (58,29);
insert into book_keywords (book_id,keyword_id) values (58,24);
insert into book_keywords (book_id,keyword_id) values (59,41);
insert into book_keywords (book_id,keyword_id) values (59,9);
insert into book_keywords (book_id,keyword_id) values (59,27);
insert into book_keywords (book_id,keyword_id) values (60,11);
insert into book_keywords (book_id,keyword_id) values (60,48);
insert into book_keywords (book_id,keyword_id) values (60,37);
insert into book_keywords (book_id,keyword_id) values (60,12);
insert into book_keywords (book_id,keyword_id) values (61,2);
insert into book_keywords (book_id,keyword_id) values (61,49);
insert into book_keywords (book_id,keyword_id) values (61,5);
insert into book_keywords (book_id,keyword_id) values (61,47);
insert into book_keywords (book_id,keyword_id) values (62,11);
insert into book_keywords (book_id,keyword_id) values (62,38);
insert into book_keywords (book_id,keyword_id) values (62,29);
insert into book_keywords (book_id,keyword_id) values (62,20);
insert into book_keywords (book_id,keyword_id) values (63,3);
insert into book_keywords (book_id,keyword_id) values (63,29);
insert into book_keywords (book_id,keyword_id) values (64,41);
insert into book_keywords (book_id,keyword_id) values (64,12);
insert into book_keywords (book_id,keyword_id) values (64,50);
insert into book_keywords (book_id,keyword_id) values (64,48);
insert into book_keywords (book_id,keyword_id) values (65,49);
insert into book_keywords (book_id,keyword_id) values (65,43);
insert into book_keywords (book_id,keyword_id) values (65,9);
insert into book_keywords (book_id,keyword_id) values (66,19);
insert into book_keywords (book_id,keyword_id) values (66,34);
insert into book_keywords (book_id,keyword_id) values (67,1);
insert into book_keywords (book_id,keyword_id) values (67,46);
insert into book_keywords (book_id,keyword_id) values (67,50);
insert into book_keywords (book_id,keyword_id) values (68,18);
insert into book_keywords (book_id,keyword_id) values (68,41);
insert into book_keywords (book_id,keyword_id) values (69,44);
insert into book_keywords (book_id,keyword_id) values (69,3);
insert into book_keywords (book_id,keyword_id) values (70,27);
insert into book_keywords (book_id,keyword_id) values (70,12);
insert into book_keywords (book_id,keyword_id) values (71,17);
insert into book_keywords (book_id,keyword_id) values (71,20);
insert into book_keywords (book_id,keyword_id) values (71,5);
insert into book_keywords (book_id,keyword_id) values (72,49);
insert into book_keywords (book_id,keyword_id) values (72,43);
insert into book_keywords (book_id,keyword_id) values (73,29);
insert into book_keywords (book_id,keyword_id) values (73,19);
insert into book_keywords (book_id,keyword_id) values (73,6);
insert into book_keywords (book_id,keyword_id) values (73,24);
insert into book_keywords (book_id,keyword_id) values (74,40);
insert into book_keywords (book_id,keyword_id) values (74,33);
insert into book_keywords (book_id,keyword_id) values (74,25);
insert into book_keywords (book_id,keyword_id) values (75,28);
insert into book_keywords (book_id,keyword_id) values (75,9);
insert into book_keywords (book_id,keyword_id) values (75,12);
insert into book_keywords (book_id,keyword_id) values (76,49);
insert into book_keywords (book_id,keyword_id) values (76,12);
insert into book_keywords (book_id,keyword_id) values (77,37);
insert into book_keywords (book_id,keyword_id) values (77,12);
insert into book_keywords (book_id,keyword_id) values (78,18);
insert into book_keywords (book_id,keyword_id) values (78,46);
insert into book_keywords (book_id,keyword_id) values (79,8);
insert into book_keywords (book_id,keyword_id) values (79,21);
insert into book_keywords (book_id,keyword_id) values (79,38);
insert into book_keywords (book_id,keyword_id) values (80,11);
insert into book_keywords (book_id,keyword_id) values (80,10);
insert into book_keywords (book_id,keyword_id) values (80,44);
insert into book_keywords (book_id,keyword_id) values (81,39);
insert into book_keywords (book_id,keyword_id) values (81,26);
insert into book_keywords (book_id,keyword_id) values (81,38);
insert into book_keywords (book_id,keyword_id) values (81,21);
insert into book_keywords (book_id,keyword_id) values (82,47);
insert into book_keywords (book_id,keyword_id) values (82,3);
insert into book_keywords (book_id,keyword_id) values (83,7);
insert into book_keywords (book_id,keyword_id) values (83,36);
insert into book_keywords (book_id,keyword_id) values (83,11);
insert into book_keywords (book_id,keyword_id) values (83,22);
insert into book_keywords (book_id,keyword_id) values (84,40);
insert into book_keywords (book_id,keyword_id) values (84,15);
insert into book_keywords (book_id,keyword_id) values (84,29);
insert into book_keywords (book_id,keyword_id) values (84,6);
insert into book_keywords (book_id,keyword_id) values (85,43);
insert into book_keywords (book_id,keyword_id) values (85,24);
insert into book_keywords (book_id,keyword_id) values (86,5);
insert into book_keywords (book_id,keyword_id) values (86,15);
insert into book_keywords (book_id,keyword_id) values (86,4);
insert into book_keywords (book_id,keyword_id) values (86,36);
insert into book_keywords (book_id,keyword_id) values (87,45);
insert into book_keywords (book_id,keyword_id) values (87,22);
insert into book_keywords (book_id,keyword_id) values (87,32);
insert into book_keywords (book_id,keyword_id) values (88,24);
insert into book_keywords (book_id,keyword_id) values (88,49);
insert into book_keywords (book_id,keyword_id) values (89,21);
insert into book_keywords (book_id,keyword_id) values (89,18);
insert into book_keywords (book_id,keyword_id) values (90,24);
insert into book_keywords (book_id,keyword_id) values (90,21);
insert into book_keywords (book_id,keyword_id) values (91,14);
insert into book_keywords (book_id,keyword_id) values (91,49);
insert into book_keywords (book_id,keyword_id) values (92,48);
insert into book_keywords (book_id,keyword_id) values (92,24);
insert into book_keywords (book_id,keyword_id) values (93,40);
insert into book_keywords (book_id,keyword_id) values (93,42);
insert into book_keywords (book_id,keyword_id) values (94,11);
insert into book_keywords (book_id,keyword_id) values (94,8);
insert into book_keywords (book_id,keyword_id) values (95,17);
insert into book_keywords (book_id,keyword_id) values (95,44);
insert into book_keywords (book_id,keyword_id) values (95,15);
insert into book_keywords (book_id,keyword_id) values (95,41);
insert into book_keywords (book_id,keyword_id) values (96,36);
insert into book_keywords (book_id,keyword_id) values (96,31);
insert into book_keywords (book_id,keyword_id) values (96,13);
insert into book_keywords (book_id,keyword_id) values (97,48);
insert into book_keywords (book_id,keyword_id) values (97,18);
insert into book_keywords (book_id,keyword_id) values (98,23);
insert into book_keywords (book_id,keyword_id) values (98,7);
insert into book_keywords (book_id,keyword_id) values (98,13);
insert into book_keywords (book_id,keyword_id) values (99,40);
insert into book_keywords (book_id,keyword_id) values (99,19);
insert into book_keywords (book_id,keyword_id) values (99,9);
insert into book_keywords (book_id,keyword_id) values (100,14);
insert into book_keywords (book_id,keyword_id) values (100,10);

--Loans
insert into loans (user_id,book_id,school_id,loan_date,returned) values (17,68,2,'2022-2-10',0);
insert into loans (user_id,book_id,school_id,loan_date,returned) values (38,97,3,'2022-12-7',1);
insert into loans (user_id,book_id,school_id,loan_date,returned) values (33,4,3,'2022-1-20',0);
insert into loans (user_id,book_id,school_id,loan_date,returned) values (41,98,3,'2020-3-10',1);
insert into loans (user_id,book_id,school_id,loan_date,returned) values (35,78,2,'2023-7-20',1);
insert into loans (user_id,book_id,school_id,loan_date,returned) values (16,89,1,'2022-8-29',1);
insert into loans (user_id,book_id,school_id,loan_date,returned) values (16,78,1,'2020-10-10',1);
insert into loans (user_id,book_id,school_id,loan_date,returned) values (6,46,3,'2023-7-9',1);
insert into loans (user_id,book_id,school_id,loan_date,returned) values (6,19,3,'2020-8-1',1);
insert into loans (user_id,book_id,school_id,loan_date,returned) values (15,32,2,'2021-11-17',1);
insert into loans (user_id,book_id,school_id,loan_date,returned) values (36,84,1,'2021-2-11',1);
insert into loans (user_id,book_id,school_id,loan_date,returned) values (35,6,2,'2023-9-2',1);
insert into loans (user_id,book_id,school_id,loan_date,returned) values (41,54,3,'2023-9-13',1);
insert into loans (user_id,book_id,school_id,loan_date,returned) values (35,51,2,'2020-3-3',1);
insert into loans (user_id,book_id,school_id,loan_date,returned) values (29,21,3,'2020-8-17',1);
insert into loans (user_id,book_id,school_id,loan_date,returned) values (30,9,2,'2020-1-6',1);
insert into loans (user_id,book_id,school_id,loan_date,returned) values (20,4,2,'2022-10-20',1);
insert into loans (user_id,book_id,school_id,loan_date,returned) values (6,19,3,'2020-1-19',1);
insert into loans (user_id,book_id,school_id,loan_date,returned) values (30,44,2,'2021-8-13',0);
insert into loans (user_id,book_id,school_id,loan_date,returned) values (25,40,2,'2021-11-8',0);
insert into loans (user_id,book_id,school_id,loan_date,returned) values (33,2,3,'2022-1-13',0);
insert into loans (user_id,book_id,school_id,loan_date,returned) values (14,14,1,'2020-11-11',1);
insert into loans (user_id,book_id,school_id,loan_date,returned) values (34,26,2,'2020-8-25',1);
insert into loans (user_id,book_id,school_id,loan_date,returned) values (20,73,2,'2021-6-22',0);
insert into loans (user_id,book_id,school_id,loan_date,returned) values (39,98,2,'2023-11-8',1);
insert into loans (user_id,book_id,school_id,loan_date,returned) values (44,60,1,'2021-5-3',1);
insert into loans (user_id,book_id,school_id,loan_date,returned) values (20,78,2,'2021-12-14',1);
insert into loans (user_id,book_id,school_id,loan_date,returned) values (11,23,3,'2023-8-16',1);
insert into loans (user_id,book_id,school_id,loan_date,returned) values (25,83,2,'2020-3-29',0);
insert into loans (user_id,book_id,school_id,loan_date,returned) values (36,18,1,'2021-3-22',1);
insert into loans (user_id,book_id,school_id,loan_date,returned) values (17,37,2,'2022-8-8',1);
insert into loans (user_id,book_id,school_id,loan_date,returned) values (41,83,3,'2022-8-18',1);
insert into loans (user_id,book_id,school_id,loan_date,returned) values (6,61,3,'2020-10-1',1);
insert into loans (user_id,book_id,school_id,loan_date,returned) values (37,41,1,'2022-2-23',0);
insert into loans (user_id,book_id,school_id,loan_date,returned) values (41,19,3,'2020-11-21',1);
insert into loans (user_id,book_id,school_id,loan_date,returned) values (42,97,2,'2023-3-15',0);
insert into loans (user_id,book_id,school_id,loan_date,returned) values (28,93,1,'2021-10-21',0);
insert into loans (user_id,book_id,school_id,loan_date,returned) values (23,63,3,'2021-12-3',1);
insert into loans (user_id,book_id,school_id,loan_date,returned) values (29,39,3,'2022-3-15',1);
insert into loans (user_id,book_id,school_id,loan_date,returned) values (44,99,1,'2023-4-4',1);
insert into loans (user_id,book_id,school_id,loan_date,returned) values (14,95,1,'2021-10-8',1);
insert into loans (user_id,book_id,school_id,loan_date,returned) values (5,54,3,'2020-5-13',1);
insert into loans (user_id,book_id,school_id,loan_date,returned) values (29,2,3,'2021-3-28',1);
insert into loans (user_id,book_id,school_id,loan_date,returned) values (42,51,2,'2023-12-18',1);
insert into loans (user_id,book_id,school_id,loan_date,returned) values (35,40,2,'2022-12-14',1);
insert into loans (user_id,book_id,school_id,loan_date,returned) values (35,78,2,'2023-10-13',1);
insert into loans (user_id,book_id,school_id,loan_date,returned) values (19,76,1,'2023-12-3',1);
insert into loans (user_id,book_id,school_id,loan_date,returned) values (37,91,1,'2023-11-10',0);
insert into loans (user_id,book_id,school_id,loan_date,returned) values (19,98,1,'2021-10-20',1);
insert into loans (user_id,book_id,school_id,loan_date,returned) values (38,2,3,'2020-6-25',1);

--Reservations
insert into reservations (user_id,book_id,school_id,reservation_date) values(41,62,3,'2023-06-04');
insert into reservations (user_id,book_id,school_id,reservation_date) values(21,61,3,'2023-06-02');
insert into reservations (user_id,book_id,school_id,reservation_date) values(19,40,1,'2023-06-05');
insert into reservations (user_id,book_id,school_id,reservation_date) values(23,21,3,'2023-06-02');
insert into reservations (user_id,book_id,school_id,reservation_date) values(41,52,3,'2023-06-03');
insert into reservations (user_id,book_id,school_id,reservation_date) values(35,89,2,'2023-06-04');
insert into reservations (user_id,book_id,school_id,reservation_date) values(18,35,2,'2023-06-02');
insert into reservations (user_id,book_id,school_id,reservation_date) values(43,26,2,'2023-06-01');
insert into reservations (user_id,book_id,school_id,reservation_date) values(27,51,3,'2023-06-02');
insert into reservations (user_id,book_id,school_id,reservation_date) values(20,35,2,'2023-06-05');
insert into reservations (user_id,book_id,school_id,reservation_date) values(32,74,2,'2023-06-02');
insert into reservations (user_id,book_id,school_id,reservation_date) values(42,19,2,'2023-06-01');
insert into reservations (user_id,book_id,school_id,reservation_date) values(20,7,2,'2023-06-05');
insert into reservations (user_id,book_id,school_id,reservation_date) values(40,8,1,'2023-06-01');
insert into reservations (user_id,book_id,school_id,reservation_date) values(35,81,2,'2023-06-03');
insert into reservations (user_id,book_id,school_id,reservation_date) values(14,62,1,'2023-06-01');
insert into reservations (user_id,book_id,school_id,reservation_date) values(26,76,1,'2023-06-01');
insert into reservations (user_id,book_id,school_id,reservation_date) values(28,89,1,'2023-06-03');
insert into reservations (user_id,book_id,school_id,reservation_date) values(36,72,1,'2023-06-01');
insert into reservations (user_id,book_id,school_id,reservation_date) values(42,63,2,'2023-06-04');
insert into reservations (user_id,book_id,school_id,reservation_date) values(23,52,3,'2023-06-03');
insert into reservations (user_id,book_id,school_id,reservation_date) values(36,24,1,'2023-06-01');
insert into reservations (user_id,book_id,school_id,reservation_date) values(11,16,3,'2023-06-01');
insert into reservations (user_id,book_id,school_id,reservation_date) values(23,37,3,'2023-06-05');
insert into reservations (user_id,book_id,school_id,reservation_date) values(41,61,3,'2023-06-01');
insert into reservations (user_id,book_id,school_id,reservation_date) values(22,47,2,'2023-06-02');
insert into reservations (user_id,book_id,school_id,reservation_date) values(10,54,3,'2023-06-03');
insert into reservations (user_id,book_id,school_id,reservation_date) values(9,36,2,'2023-06-02');
insert into reservations (user_id,book_id,school_id,reservation_date) values(11,16,3,'2023-06-03');
insert into reservations (user_id,book_id,school_id,reservation_date) values(12,21,1,'2023-06-04');
insert into reservations (user_id,book_id,school_id,reservation_date) values(43,18,2,'2023-06-02');
insert into reservations (user_id,book_id,school_id,reservation_date) values(19,88,1,'2023-06-01');
insert into reservations (user_id,book_id,school_id,reservation_date) values(5,54,3,'2023-06-03');
insert into reservations (user_id,book_id,school_id,reservation_date) values(26,8,1,'2023-06-05');
insert into reservations (user_id,book_id,school_id,reservation_date) values(37,31,1,'2023-06-02');
insert into reservations (user_id,book_id,school_id,reservation_date) values(20,7,2,'2023-06-03');
insert into reservations (user_id,book_id,school_id,reservation_date) values(38,92,3,'2023-06-03');
insert into reservations (user_id,book_id,school_id,reservation_date) values(14,35,1,'2023-06-03');
insert into reservations (user_id,book_id,school_id,reservation_date) values(37,38,1,'2023-06-03');
insert into reservations (user_id,book_id,school_id,reservation_date) values(6,12,3,'2023-06-05');

--Reviews
insert into reviews (user_id, book_id, text, likert) values (42, 8, 'quis nostrud exercitation ullamco laboris nisi ut aliquip ex ea commodo consequat.', 4);
insert into reviews (user_id, book_id, text, likert) values (8, 31, 'Sed do eiusmod tempor incididunt ut labore et dolore magna aliqua.', 3);
insert into reviews (user_id, book_id, text, likert) values (22, 52, 'quis nostrud exercitation ullamco laboris nisi ut aliquip ex ea commodo consequat.', 5);
insert into reviews (user_id, book_id, text, likert) values (31, 22, 'consectetur adipiscing elit.', 5);
insert into reviews (user_id, book_id, text, likert) values (10, 54, 'Ut enim ad minim veniam', 4);
insert into reviews (user_id, book_id, text, likert) values (18, 40, 'Lorem ipsum dolor sit amet', 4);
insert into reviews (user_id, book_id, text, likert) values (32, 4, 'Ut enim ad minim veniam', 4);
insert into reviews (user_id, book_id, text, likert) values (8, 37, 'Ut enim ad minim veniam', 2);
insert into reviews (user_id, book_id, text, likert) values (26, 58, 'consectetur adipiscing elit.', 4);
insert into reviews (user_id, book_id, text, likert) values (28, 36, 'Lorem ipsum dolor sit amet', 3);
insert into reviews (user_id, book_id, text, likert) values (30, 62, 'sunt in culpa qui officia deserunt mollit anim id est laborum.', 2);
insert into reviews (user_id, book_id, text, likert) values (41, 46, 'quis nostrud exercitation ullamco laboris nisi ut aliquip ex ea commodo consequat.', 5);
insert into reviews (user_id, book_id, text, likert) values (39, 35, 'Excepteur sint occaecat cupidatat non proident', 3);
insert into reviews (user_id, book_id, text, likert) values (18, 1, 'consectetur adipiscing elit.', 4);
insert into reviews (user_id, book_id, text, likert) values (27, 51, 'Sed do eiusmod tempor incididunt ut labore et dolore magna aliqua.', 2);
insert into reviews (user_id, book_id, text, likert) values (4, 15, 'Excepteur sint occaecat cupidatat non proident', 4);
insert into reviews (user_id, book_id, text, likert) values (32, 26, 'Duis aute irure dolor in reprehenderit in voluptate velit esse cillum dolore eu fugiat nulla pariatur.', 1);
insert into reviews (user_id, book_id, text, likert) values (26, 63, 'quis nostrud exercitation ullamco laboris nisi ut aliquip ex ea commodo consequat.', 1);
insert into reviews (user_id, book_id, text, likert) values (35, 31, 'Ut enim ad minim veniam', 3);
insert into reviews (user_id, book_id, text, likert) values (24, 59, 'Excepteur sint occaecat cupidatat non proident', 4);
insert into reviews (user_id, book_id, text, likert) values (14, 46, 'consectetur adipiscing elit.', 1);
insert into reviews (user_id, book_id, text, likert) values (25, 9, 'consectetur adipiscing elit.', 1);
insert into reviews (user_id, book_id, text, likert) values (40, 17, 'Sed do eiusmod tempor incididunt ut labore et dolore magna aliqua.', 3);
insert into reviews (user_id, book_id, text, likert) values (37, 36, 'Lorem ipsum dolor sit amet', 2);
insert into reviews (user_id, book_id, text, likert) values (42, 81, 'Lorem ipsum dolor sit amet', 3);
insert into reviews (user_id, book_id, text, likert) values (7, 56, 'Ut enim ad minim veniam', 4);
insert into reviews (user_id, book_id, text, likert) values (33, 20, 'Sed do eiusmod tempor incididunt ut labore et dolore magna aliqua.', 2);
insert into reviews (user_id, book_id, text, likert) values (17, 20, 'sunt in culpa qui officia deserunt mollit anim id est laborum.', 2);
insert into reviews (user_id, book_id, text, likert) values (21, 41, 'Excepteur sint occaecat cupidatat non proident', 5);
insert into reviews (user_id, book_id, text, likert) values (9, 57, 'Lorem ipsum dolor sit amet', 4);

--Indexes
-- PKs
-- FKs
-- Uniques
--CREATE UNIQUE INDEX title_idx ON books(title);
--CREATE UNIQUE INDEX username_idx ON users(username);
CREATE INDEX last_name_idx ON users(last_name);
--CREATE UNIQUE INDEX category_idx ON categories(category);
--CREATE INDEX category_id_idx ON book_categories(category_id);
--CREATE UNIQUE INDEX author_idx ON authors(author);
--CREATE INDEX author_id_idx ON book_authors(author_id);
--CREATE INDEX lbook_id_idx ON loans(book_id);
--CREATE INDEX luser_id_idx ON loans(user_id);
CREATE INDEX loan_date_idx ON loans(loan_date);

 
